CR-75_QB5629_2019-08-29_F04,NR_180446.1,98.587,1415,13,7,1,1411,52,1463,0.0,2495
CR-75_QB5629_2019-08-29_F04,NR_180451.1,98.303,1414,19,5,1,1411,49,1460,0.0,2473
CR-75_QB5629_2019-08-29_F04,NR_126208.1,98.292,1405,19,5,10,1411,1,1403,0.0,2457
CR-75_QB5629_2019-08-29_F04,NR_028894.1,98.092,1415,20,6,1,1411,32,1443,0.0,2457
CR-75_QB5629_2019-08-29_F04,NR_028687.1,98.092,1415,20,6,1,1411,46,1457,0.0,2457
CR-75_QB5629_2019-08-29_F04,NR_180450.1,98.021,1415,19,8,1,1411,49,1458,0.0,2449
CR-75_QB5629_2019-08-29_F04,NR_113340.1,97.951,1415,22,6,1,1411,25,1436,0.0,2449
CR-75_QB5629_2019-08-29_F04,NR_180316.1,97.948,1413,26,3,1,1411,52,1463,0.0,2446
CR-75_QB5629_2019-08-29_F04,NR_113596.1,97.880,1415,23,6,1,1411,25,1436,0.0,2446
CR-75_QB5629_2019-08-29_F04,NR_170426.1,97.951,1415,20,8,1,1411,25,1434,0.0,2444
CR-75_QB5629_2019-08-29_F04,NR_042349.1,97.951,1415,20,8,1,1411,25,1434,0.0,2444
CR-75_QB5629_2019-08-29_F04,NR_028802.1,97.951,1415,20,8,1,1411,13,1422,0.0,2444
CR-75_QB5629_2019-08-29_F04,NR_024641.1,97.877,1413,27,3,1,1411,20,1431,0.0,2442
CR-75_QB5629_2019-08-29_F04,NR_181726.1,97.884,1418,17,12,1,1411,49,1460,0.0,2440
CR-75_QB5629_2019-08-29_F04,NR_112007.1,97.880,1415,21,8,1,1411,20,1429,0.0,2438
CR-75_QB5629_2019-08-29_F04,NR_111998.1,97.880,1415,21,8,1,1411,20,1429,0.0,2438
CR-75_QB5629_2019-08-29_F04,NR_028803.1,97.880,1415,21,8,1,1411,17,1426,0.0,2438
CR-75_QB5629_2019-08-29_F04,NR_024862.1,97.809,1415,24,6,1,1411,40,1451,0.0,2438
CR-75_QB5629_2019-08-29_F04,NR_114108.1,97.809,1415,22,8,1,1411,25,1434,0.0,2435
CR-75_QB5629_2019-08-29_F04,NR_028688.1,97.809,1415,24,6,1,1411,46,1457,0.0,2435
CR-75_QB5629_2019-08-29_F04,NR_184601.1,97.809,1415,22,8,1,1411,49,1458,0.0,2433
CR-75_QB5629_2019-08-29_F04,NR_025331.1,97.809,1415,22,7,1,1411,31,1440,0.0,2433
CR-75_QB5629_2019-08-29_F04,NR_114154.1,97.739,1415,23,8,1,1411,25,1434,0.0,2429
CR-75_QB5629_2019-08-29_F04,NR_114153.1,97.668,1415,24,8,1,1411,25,1434,0.0,2429
CR-75_QB5629_2019-08-29_F04,NR_180641.1,97.739,1415,23,8,1,1411,29,1438,0.0,2427
CR-75_QB5629_2019-08-29_F04,NR_180237.1,97.739,1415,23,8,1,1411,45,1454,0.0,2427
CR-75_QB5629_2019-08-29_F04,NR_104933.1,97.739,1415,23,8,1,1411,45,1454,0.0,2427
CR-75_QB5629_2019-08-29_F04,NR_041968.1,97.742,1417,18,12,1,1411,33,1441,0.0,2427
CR-75_QB5629_2019-08-29_F04,NR_117752.1,98.270,1387,21,3,27,1411,2,1387,0.0,2425
CR-75_QB5629_2019-08-29_F04,NR_117405.1,97.668,1415,24,8,1,1411,25,1434,0.0,2425
CR-75_QB5629_2019-08-29_F04,NR_180353.1,97.800,1409,24,6,3,1407,5,1410,0.0,2423
CR-75_QB5629_2019-08-29_F04,NR_146667.2,97.665,1413,30,3,1,1411,32,1443,0.0,2423
CR-75_QB5629_2019-08-29_F04,NR_024642.1,97.668,1415,24,8,1,1411,20,1429,0.0,2423
CR-75_QB5629_2019-08-29_F04,NR_179946.1,97.668,1415,24,8,1,1411,45,1454,0.0,2422
CR-75_QB5629_2019-08-29_F04,NR_028893.1,97.668,1415,24,7,1,1411,31,1440,0.0,2422
CR-75_QB5629_2019-08-29_F04,NR_178769.1,97.597,1415,27,6,1,1411,11,1422,0.0,2420
CR-75_QB5629_2019-08-29_F04,NR_179166.1,97.594,1413,31,3,1,1411,49,1460,0.0,2418
CR-75_QB5629_2019-08-29_F04,NR_126318.1,97.594,1413,29,5,1,1411,43,1452,0.0,2416
CR-75_QB5629_2019-08-29_F04,NR_036919.1,97.597,1415,25,7,1,1411,31,1440,0.0,2416
CR-75_QB5629_2019-08-29_F04,NR_025329.1,97.599,1416,23,9,1,1411,28,1437,0.0,2416
CR-75_QB5629_2019-08-29_F04,NR_025328.1,97.602,1418,19,13,1,1411,33,1442,0.0,2416
CR-75_QB5629_2019-08-29_F04,NR_179034.1,97.523,1413,32,3,1,1411,43,1454,0.0,2412
CR-75_QB5629_2019-08-29_F04,NR_179968.1,97.527,1415,26,8,1,1411,49,1458,0.0,2410
CR-75_QB5629_2019-08-29_F04,NR_044977.1,97.387,1416,26,10,1,1411,25,1434,0.0,2410
CR-75_QB5629_2019-08-29_F04,NR_025330.1,97.527,1415,26,7,1,1411,29,1438,0.0,2410
CR-75_QB5629_2019-08-29_F04,NR_044976.1,97.389,1417,27,8,1,1411,25,1437,0.0,2409
CR-75_QB5629_2019-08-29_F04,NR_179167.1,97.456,1415,29,6,1,1411,49,1460,0.0,2407
CR-75_QB5629_2019-08-29_F04,NR_041697.1,97.456,1415,29,6,1,1411,46,1457,0.0,2407
CR-75_QB5629_2019-08-29_F04,NR_148649.1,97.456,1415,25,10,2,1411,6,1414,0.0,2405
CR-75_QB5629_2019-08-29_F04,NR_125691.1,97.381,1413,34,3,1,1411,2,1413,0.0,2401
CR-75_QB5629_2019-08-29_F04,NR_125690.1,97.381,1413,34,3,1,1411,22,1433,0.0,2401
CR-75_QB5629_2019-08-29_F04,NR_104937.1,97.449,1411,30,4,1,1407,43,1451,0.0,2401
CR-75_QB5629_2019-08-29_F04,NR_113614.1,97.385,1415,28,8,1,1411,25,1434,0.0,2401
CR-75_QB5629_2019-08-29_F04,NR_116109.1,97.449,1411,30,4,1,1407,25,1433,0.0,2401
CR-75_QB5629_2019-08-29_F04,NR_102493.2,97.385,1415,28,8,1,1411,52,1461,0.0,2399
CR-75_QB5629_2019-08-29_F04,NR_114737.1,97.314,1415,29,8,1,1411,23,1432,0.0,2398
CR-75_QB5629_2019-08-29_F04,NR_126317.1,97.314,1415,31,7,1,1411,42,1453,0.0,2396
CR-75_QB5629_2019-08-29_F04,NR_116798.1,97.378,1411,31,4,1,1407,45,1453,0.0,2396
CR-75_QB5629_2019-08-29_F04,NR_024643.1,97.445,1409,28,7,1,1405,20,1424,0.0,2396
CR-75_QB5629_2019-08-29_F04,NR_180236.1,98.386,1363,18,4,45,1404,9,1370,0.0,2392
CR-75_QB5629_2019-08-29_F04,NR_024640.1,97.443,1408,26,8,1,1403,20,1422,0.0,2392
CR-75_QB5629_2019-08-29_F04,NR_179954.1,97.240,1413,36,3,1,1411,23,1434,0.0,2390
CR-75_QB5629_2019-08-29_F04,NR_074910.1,97.240,1413,36,3,1,1411,42,1453,0.0,2390
CR-75_QB5629_2019-08-29_F04,NR_114159.1,97.246,1416,28,10,1,1411,26,1435,0.0,2390
CR-75_QB5629_2019-08-29_F04,NR_104934.1,97.246,1416,28,10,1,1411,45,1454,0.0,2388
CR-75_QB5629_2019-08-29_F04,NR_117547.1,97.169,1413,35,5,1,1411,48,1457,0.0,2388
CR-75_QB5629_2019-08-29_F04,NR_114589.1,97.244,1415,29,9,1,1411,21,1429,0.0,2388
CR-75_QB5629_2019-08-29_F04,NR_117750.1,97.765,1387,28,3,27,1411,2,1387,0.0,2386
CR-75_QB5629_2019-08-29_F04,NR_145647.1,97.109,1418,32,9,1,1411,5,1420,0.0,2385
CR-75_QB5629_2019-08-29_F04,NR_118011.1,97.177,1417,29,10,1,1411,43,1454,0.0,2385
CR-75_QB5629_2019-08-29_F04,NR_028677.1,97.175,1416,30,9,1,1411,1,1411,0.0,2385
CR-75_QB5629_2019-08-29_F04,NR_114080.1,97.175,1416,29,10,1,1411,25,1434,0.0,2383
CR-75_QB5629_2019-08-29_F04,NR_118568.1,98.102,1370,22,4,24,1390,1,1369,0.0,2383
CR-75_QB5629_2019-08-29_F04,NR_104940.1,97.169,1413,35,5,2,1411,1,1411,0.0,2383
CR-75_QB5629_2019-08-29_F04,NR_179439.1,97.102,1415,32,8,1,1411,45,1454,0.0,2381
CR-75_QB5629_2019-08-29_F04,NR_184631.1,98.661,1344,16,2,56,1397,1,1344,0.0,2381
CR-75_QB5629_2019-08-29_F04,NR_044060.1,97.105,1416,31,10,1,1411,2,1412,0.0,2381
CR-75_QB5629_2019-08-29_F04,NR_044978.1,97.102,1415,32,8,1,1411,25,1434,0.0,2381
CR-75_QB5629_2019-08-29_F04,NR_178843.1,97.102,1415,32,8,1,1411,5,1414,0.0,2379
CR-75_QB5629_2019-08-29_F04,NR_112986.1,97.299,1407,28,9,1,1402,33,1434,0.0,2379
CR-75_QB5629_2019-08-29_F04,NR_118853.1,97.102,1415,32,8,1,1411,45,1454,0.0,2377
CR-75_QB5629_2019-08-29_F04,NR_181872.1,98.090,1361,23,3,53,1411,1,1360,0.0,2375
CR-75_QB5629_2019-08-29_F04,NR_118449.1,97.096,1412,35,6,3,1411,17,1425,0.0,2375
CR-75_QB5629_2019-08-29_F04,NR_184633.1,98.586,1344,17,2,56,1397,1,1344,0.0,2375
CR-75_QB5629_2019-08-29_F04,NR_117679.1,97.032,1415,33,8,1,1411,41,1450,0.0,2374
CR-75_QB5629_2019-08-29_F04,NR_042356.1,97.098,1413,31,7,1,1407,17,1425,0.0,2374
CR-75_QB5629_2019-08-29_F04,NR_113615.1,97.032,1415,33,8,1,1411,25,1434,0.0,2374
CR-75_QB5629_2019-08-29_F04,NR_028912.1,97.032,1415,33,8,1,1411,23,1432,0.0,2374
CR-75_QB5629_2019-08-29_F04,NR_180640.1,97.034,1416,31,10,1,1411,52,1461,0.0,2372
CR-75_QB5629_2019-08-29_F04,NR_159317.1,96.961,1415,34,8,1,1411,25,1434,0.0,2372
CR-75_QB5629_2019-08-29_F04,NR_114077.1,96.963,1416,34,9,1,1411,25,1436,0.0,2370
CR-75_QB5629_2019-08-29_F04,NR_113347.1,96.963,1416,34,9,1,1411,25,1436,0.0,2370
CR-75_QB5629_2019-08-29_F04,NR_041927.1,96.893,1416,33,10,1,1411,21,1430,0.0,2370
CR-75_QB5629_2019-08-29_F04,NR_116756.1,98.088,1360,21,5,55,1411,1,1358,0.0,2370
CR-75_QB5629_2019-08-29_F04,NR_126319.1,96.963,1416,34,9,1,1411,41,1452,0.0,2368
CR-75_QB5629_2019-08-29_F04,NR_115943.1,96.893,1416,36,8,1,1411,5,1417,0.0,2368
CR-75_QB5629_2019-08-29_F04,NR_115942.1,96.963,1416,34,9,1,1411,5,1416,0.0,2368
CR-75_QB5629_2019-08-29_F04,NR_112006.1,96.963,1416,34,9,1,1411,20,1431,0.0,2368
CR-75_QB5629_2019-08-29_F04,NR_041527.1,96.965,1417,32,9,1,1411,47,1458,0.0,2368
CR-75_QB5629_2019-08-29_F04,NR_044076.1,96.963,1416,34,9,1,1411,25,1436,0.0,2368
escherichia-coli-k-12,NR_180446.1,96.442,1546,47,7,1,1542,1,1542,0.0,2543
escherichia-coli-k-12,NR_180451.1,97.857,1540,29,4,4,1541,1,1538,0.0,2658
escherichia-coli-k-12,NR_028894.1,96.676,1504,43,6,21,1521,1,1500,0.0,2494
escherichia-coli-k-12,NR_028687.1,96.802,1532,42,6,8,1535,2,1530,0.0,2551
escherichia-coli-k-12,NR_180450.1,96.885,1541,40,7,4,1541,1,1536,0.0,2573
escherichia-coli-k-12,NR_180316.1,97.537,1543,36,2,1,1542,1,1542,0.0,2638
escherichia-coli-k-12,NR_042349.1,96.904,1518,39,7,28,1542,1,1513,0.0,2536
escherichia-coli-k-12,NR_181726.1,96.047,1543,51,9,4,1541,1,1538,0.0,2503
escherichia-coli-k-12,NR_024862.1,96.391,1524,49,5,13,1533,1,1521,0.0,2508
escherichia-coli-k-12,NR_028688.1,96.932,1532,41,5,8,1536,2,1530,0.0,2564
escherichia-coli-k-12,NR_184601.1,96.818,1540,43,5,4,1541,1,1536,0.0,2567
escherichia-coli-k-12,NR_180237.1,97.195,1533,35,7,8,1537,1,1528,0.0,2586
escherichia-coli-k-12,NR_104933.1,96.802,1532,41,7,8,1536,1,1527,0.0,2551
escherichia-coli-k-12,NR_117405.1,96.561,1512,43,8,28,1536,1,1506,0.0,2499
escherichia-coli-k-12,NR_146667.2,97.242,1523,40,2,21,1542,1,1522,0.0,2579
escherichia-coli-k-12,NR_179946.1,97.326,1533,33,7,8,1537,1,1528,0.0,2597
escherichia-coli-k-12,NR_179166.1,97.271,1539,40,2,4,1541,1,1538,0.0,2608
escherichia-coli-k-12,NR_126318.1,96.934,1533,43,4,10,1541,1,1530,0.0,2567
escherichia-coli-k-12,NR_179034.1,97.983,1487,30,0,10,1496,1,1487,0.0,2580
escherichia-coli-k-12,NR_179968.1,96.496,1541,46,7,4,1541,1,1536,0.0,2540
escherichia-coli-k-12,NR_044977.1,96.935,1501,36,9,28,1524,1,1495,0.0,2519
escherichia-coli-k-12,NR_179167.1,97.145,1541,38,5,4,1541,1,1538,0.0,2597
escherichia-coli-k-12,NR_041697.1,96.337,1529,47,7,8,1531,2,1526,0.0,2505
escherichia-coli-k-12,NR_125690.1,97.603,1460,33,2,31,1489,1,1459,0.0,2501
escherichia-coli-k-12,NR_102493.2,96.634,1545,44,7,1,1542,1,1540,0.0,2558
escherichia-coli-k-12,NR_126317.1,97.197,1534,37,6,11,1541,1,1531,0.0,2590
escherichia-coli-k-12,NR_179954.1,97.290,1513,39,2,30,1541,1,1512,0.0,2566
escherichia-coli-k-12,NR_074910.1,97.782,1533,32,2,11,1542,1,1532,0.0,2641
escherichia-coli-k-12,NR_104934.1,96.999,1533,36,9,8,1536,1,1527,0.0,2567
escherichia-coli-k-12,NR_117547.1,96.619,1538,48,4,5,1541,1,1535,0.0,2555
escherichia-coli-k-12,NR_118011.1,97.152,1510,32,10,11,1514,1,1505,0.0,2540
escherichia-coli-k-12,NR_104940.1,98.042,1481,23,5,53,1530,1,1478,0.0,2569
escherichia-coli-k-12,NR_179439.1,97.215,1508,34,7,8,1512,1,1503,0.0,2547
escherichia-coli-k-12,NR_044978.1,97.333,1500,32,7,28,1524,1,1495,0.0,2545
escherichia-coli-k-12,NR_118853.1,96.614,1506,45,5,8,1511,1,1502,0.0,2494
escherichia-coli-k-12,NR_117679.1,97.391,1533,32,7,12,1541,1,1528,0.0,2604
escherichia-coli-k-12,NR_113615.1,97.415,1470,30,7,28,1494,1,1465,0.0,2499
escherichia-coli-k-12,NR_028912.1,97.426,1515,31,7,30,1541,1,1510,0.0,2577
escherichia-coli-k-12,NR_180640.1,96.895,1546,38,9,1,1542,1,1540,0.0,2580
escherichia-coli-k-12,NR_126319.1,97.066,1534,37,8,12,1541,1,1530,0.0,2577
escherichia-coli-k-12,NR_041527.1,97.522,1493,28,8,8,1495,2,1490,0.0,2543
escherichia-coli-k-12,NR_044076.1,96.990,1495,42,3,28,1521,1,1493,0.0,2508
K-A10_QB5629_2019-08-29_F02,NR_180446.1,97.518,1410,29,6,1,1406,53,1460,0.0,2405
K-A10_QB5629_2019-08-29_F02,NR_028894.1,97.730,1410,26,6,1,1406,33,1440,0.0,2422
K-A10_QB5629_2019-08-29_F02,NR_028687.1,97.447,1410,30,6,1,1406,47,1454,0.0,2399
K-A10_QB5629_2019-08-29_F02,NR_180450.1,98.153,1408,22,4,1,1406,50,1455,0.0,2453
K-A10_QB5629_2019-08-29_F02,NR_113340.1,97.660,1410,27,6,1,1406,26,1433,0.0,2420
K-A10_QB5629_2019-08-29_F02,NR_180316.1,97.875,1412,20,9,1,1406,53,1460,0.0,2433
K-A10_QB5629_2019-08-29_F02,NR_113596.1,97.589,1410,28,6,1,1406,26,1433,0.0,2416
K-A10_QB5629_2019-08-29_F02,NR_170426.1,97.798,1408,27,4,1,1406,26,1431,0.0,2425
K-A10_QB5629_2019-08-29_F02,NR_042349.1,97.585,1408,30,4,1,1406,26,1431,0.0,2409
K-A10_QB5629_2019-08-29_F02,NR_028802.1,97.869,1408,26,4,1,1406,14,1419,0.0,2431
K-A10_QB5629_2019-08-29_F02,NR_112007.1,97.798,1408,27,4,1,1406,21,1426,0.0,2425
K-A10_QB5629_2019-08-29_F02,NR_111998.1,97.514,1408,31,4,1,1406,21,1426,0.0,2403
K-A10_QB5629_2019-08-29_F02,NR_028803.1,98.295,1408,20,4,1,1406,18,1423,0.0,2464
K-A10_QB5629_2019-08-29_F02,NR_024862.1,97.305,1410,32,6,1,1406,41,1448,0.0,2388
K-A10_QB5629_2019-08-29_F02,NR_114108.1,98.224,1408,21,4,1,1406,26,1431,0.0,2462
K-A10_QB5629_2019-08-29_F02,NR_028688.1,97.660,1410,27,6,1,1406,47,1454,0.0,2416
K-A10_QB5629_2019-08-29_F02,NR_184601.1,98.651,1408,15,4,1,1406,50,1455,0.0,2492
K-A10_QB5629_2019-08-29_F02,NR_114154.1,97.798,1408,27,4,1,1406,26,1431,0.0,2427
K-A10_QB5629_2019-08-29_F02,NR_114153.1,97.727,1408,28,4,1,1406,26,1431,0.0,2427
K-A10_QB5629_2019-08-29_F02,NR_180641.1,97.940,1408,25,4,1,1406,30,1435,0.0,2436
K-A10_QB5629_2019-08-29_F02,NR_180237.1,97.585,1408,30,4,1,1406,46,1451,0.0,2409
K-A10_QB5629_2019-08-29_F02,NR_104933.1,97.798,1408,27,4,1,1406,46,1451,0.0,2425
K-A10_QB5629_2019-08-29_F02,NR_117405.1,97.727,1408,28,4,1,1406,26,1431,0.0,2423
K-A10_QB5629_2019-08-29_F02,NR_180353.1,97.518,1410,26,9,2,1406,5,1410,0.0,2401
K-A10_QB5629_2019-08-29_F02,NR_024642.1,98.224,1408,21,4,1,1406,21,1426,0.0,2460
K-A10_QB5629_2019-08-29_F02,NR_179946.1,97.514,1408,31,4,1,1406,46,1451,0.0,2403
K-A10_QB5629_2019-08-29_F02,NR_126318.1,98.011,1408,24,4,1,1406,44,1449,0.0,2442
K-A10_QB5629_2019-08-29_F02,NR_179968.1,98.082,1408,23,4,1,1406,50,1455,0.0,2447
K-A10_QB5629_2019-08-29_F02,NR_044977.1,97.656,1408,29,4,1,1406,26,1431,0.0,2427
K-A10_QB5629_2019-08-29_F02,NR_044976.1,97.378,1411,30,7,1,1406,26,1434,0.0,2399
K-A10_QB5629_2019-08-29_F02,NR_179167.1,97.447,1410,30,6,1,1406,50,1457,0.0,2399
K-A10_QB5629_2019-08-29_F02,NR_148649.1,97.656,1408,29,4,1,1406,6,1411,0.0,2416
K-A10_QB5629_2019-08-29_F02,NR_125691.1,97.376,1410,31,6,1,1406,3,1410,0.0,2394
K-A10_QB5629_2019-08-29_F02,NR_125690.1,97.376,1410,31,6,1,1406,23,1430,0.0,2394
K-A10_QB5629_2019-08-29_F02,NR_113614.1,98.935,1408,11,4,1,1406,26,1431,0.0,2516
K-A10_QB5629_2019-08-29_F02,NR_102493.2,98.935,1408,11,4,1,1406,53,1458,0.0,2514
K-A10_QB5629_2019-08-29_F02,NR_114737.1,98.793,1408,13,4,1,1406,24,1429,0.0,2508
K-A10_QB5629_2019-08-29_F02,NR_126317.1,97.730,1410,26,6,1,1406,43,1450,0.0,2422
K-A10_QB5629_2019-08-29_F02,NR_024643.1,98.933,1406,11,4,1,1404,21,1424,0.0,2510
K-A10_QB5629_2019-08-29_F02,NR_024640.1,97.650,1404,29,4,1,1402,21,1422,0.0,2407
K-A10_QB5629_2019-08-29_F02,NR_114159.1,97.940,1408,25,4,1,1406,27,1432,0.0,2438
K-A10_QB5629_2019-08-29_F02,NR_104934.1,98.011,1408,24,4,1,1406,46,1451,0.0,2442
K-A10_QB5629_2019-08-29_F02,NR_117547.1,97.869,1408,26,4,1,1406,49,1454,0.0,2436
K-A10_QB5629_2019-08-29_F02,NR_114589.1,97.727,1408,27,5,1,1406,22,1426,0.0,2418
K-A10_QB5629_2019-08-29_F02,NR_028677.1,97.729,1409,27,5,1,1406,2,1408,0.0,2420
K-A10_QB5629_2019-08-29_F02,NR_114080.1,97.656,1408,29,4,1,1406,26,1431,0.0,2414
K-A10_QB5629_2019-08-29_F02,NR_178843.1,97.372,1408,33,4,1,1406,6,1411,0.0,2394
K-A10_QB5629_2019-08-29_F02,NR_112986.1,98.004,1403,24,4,1,1401,34,1434,0.0,2433
K-A10_QB5629_2019-08-29_F02,NR_118853.1,97.727,1408,28,4,1,1406,46,1451,0.0,2420
K-A10_QB5629_2019-08-29_F02,NR_042356.1,97.305,1410,32,6,1,1406,18,1425,0.0,2388
K-A10_QB5629_2019-08-29_F02,NR_180640.1,98.438,1408,18,4,1,1406,53,1458,0.0,2475
K-A10_QB5629_2019-08-29_F02,NR_159317.1,98.153,1408,22,4,1,1406,26,1431,0.0,2459
K-A10_QB5629_2019-08-29_F02,NR_126319.1,97.730,1410,26,6,1,1406,42,1449,0.0,2422
K-A4_QB5629_2019-08-29_C02,NR_180446.1,95.060,1417,53,17,1,1404,51,1463,0.0,2213
K-A4_QB5629_2019-08-29_C02,NR_180451.1,95.208,1419,47,20,1,1404,48,1460,0.0,2224
K-A4_QB5629_2019-08-29_C02,NR_126208.1,95.245,1409,47,19,10,1404,1,1403,0.0,2213
K-A4_QB5629_2019-08-29_C02,NR_028894.1,95.272,1417,50,17,1,1404,31,1443,0.0,2230
K-A4_QB5629_2019-08-29_C02,NR_028687.1,95.060,1417,53,17,1,1404,45,1457,0.0,2213
K-A4_QB5629_2019-08-29_C02,NR_180450.1,95.124,1415,54,15,1,1404,48,1458,0.0,2217
K-A4_QB5629_2019-08-29_C02,NR_113340.1,95.201,1417,51,17,1,1404,24,1436,0.0,2224
K-A4_QB5629_2019-08-29_C02,NR_113596.1,95.201,1417,51,17,1,1404,24,1436,0.0,2230
K-A4_QB5629_2019-08-29_C02,NR_170426.1,95.265,1415,52,15,1,1404,24,1434,0.0,2228
K-A4_QB5629_2019-08-29_C02,NR_042349.1,95.336,1415,51,15,1,1404,24,1434,0.0,2233
K-A4_QB5629_2019-08-29_C02,NR_028802.1,95.406,1415,50,15,1,1404,12,1422,0.0,2239
K-A4_QB5629_2019-08-29_C02,NR_181726.1,94.852,1418,54,19,1,1404,48,1460,0.0,2196
K-A4_QB5629_2019-08-29_C02,NR_112007.1,95.336,1415,51,15,1,1404,19,1429,0.0,2233
K-A4_QB5629_2019-08-29_C02,NR_111998.1,95.548,1415,48,15,1,1404,19,1429,0.0,2250
K-A4_QB5629_2019-08-29_C02,NR_028803.1,95.127,1416,52,17,1,1404,16,1426,0.0,2217
K-A4_QB5629_2019-08-29_C02,NR_024862.1,94.989,1417,54,17,1,1404,39,1451,0.0,2207
K-A4_QB5629_2019-08-29_C02,NR_114108.1,94.986,1416,54,17,1,1404,24,1434,0.0,2209
K-A4_QB5629_2019-08-29_C02,NR_028688.1,95.131,1417,52,17,1,1404,45,1457,0.0,2218
K-A4_QB5629_2019-08-29_C02,NR_184601.1,94.915,1416,55,17,1,1404,48,1458,0.0,2200
K-A4_QB5629_2019-08-29_C02,NR_114154.1,95.689,1415,46,15,1,1404,24,1434,0.0,2263
K-A4_QB5629_2019-08-29_C02,NR_114153.1,95.265,1415,52,15,1,1404,24,1434,0.0,2235
K-A4_QB5629_2019-08-29_C02,NR_180641.1,95.124,1415,54,15,1,1404,28,1438,0.0,2217
K-A4_QB5629_2019-08-29_C02,NR_180237.1,95.618,1415,47,15,1,1404,44,1454,0.0,2255
K-A4_QB5629_2019-08-29_C02,NR_104933.1,95.760,1415,45,15,1,1404,44,1454,0.0,2266
K-A4_QB5629_2019-08-29_C02,NR_117405.1,95.689,1415,46,15,1,1404,24,1434,0.0,2265
K-A4_QB5629_2019-08-29_C02,NR_180353.1,95.113,1412,53,16,4,1403,5,1412,0.0,2211
K-A4_QB5629_2019-08-29_C02,NR_024642.1,95.194,1415,53,15,1,1404,19,1429,0.0,2224
K-A4_QB5629_2019-08-29_C02,NR_179946.1,95.760,1415,45,15,1,1404,44,1454,0.0,2266
K-A4_QB5629_2019-08-29_C02,NR_178769.1,94.848,1417,56,17,1,1404,10,1422,0.0,2196
K-A4_QB5629_2019-08-29_C02,NR_179166.1,94.989,1417,54,17,1,1404,48,1460,0.0,2207
K-A4_QB5629_2019-08-29_C02,NR_126318.1,95.127,1416,52,17,1,1404,42,1452,0.0,2217
K-A4_QB5629_2019-08-29_C02,NR_044977.1,95.053,1415,55,15,1,1404,24,1434,0.0,2224
K-A4_QB5629_2019-08-29_C02,NR_179167.1,95.413,1417,48,17,1,1404,48,1460,0.0,2241
K-A4_QB5629_2019-08-29_C02,NR_148649.1,95.754,1413,45,15,3,1404,6,1414,0.0,2265
K-A4_QB5629_2019-08-29_C02,NR_126317.1,95.346,1418,47,19,1,1404,41,1453,0.0,2235
K-A4_QB5629_2019-08-29_C02,NR_024640.1,95.455,1408,49,15,1,1397,19,1422,0.0,2231
K-A4_QB5629_2019-08-29_C02,NR_114159.1,94.845,1416,56,17,1,1404,25,1435,0.0,2196
K-A4_QB5629_2019-08-29_C02,NR_114589.1,94.982,1415,55,16,1,1404,20,1429,0.0,2206
K-A4_QB5629_2019-08-29_C02,NR_118011.1,95.060,1417,53,17,1,1404,42,1454,0.0,2213
K-A4_QB5629_2019-08-29_C02,NR_028677.1,94.912,1415,56,16,2,1404,1,1411,0.0,2200
K-A4_QB5629_2019-08-29_C02,NR_114080.1,95.410,1416,48,17,1,1404,24,1434,0.0,2239
K-A4_QB5629_2019-08-29_C02,NR_104940.1,95.201,1417,47,20,3,1404,1,1411,0.0,2220
K-A4_QB5629_2019-08-29_C02,NR_179439.1,95.124,1415,54,15,1,1404,44,1454,0.0,2218
K-A4_QB5629_2019-08-29_C02,NR_044978.1,95.124,1415,54,15,1,1404,24,1434,0.0,2220
K-A4_QB5629_2019-08-29_C02,NR_178843.1,95.907,1417,43,15,1,1406,4,1416,0.0,2283
K-A4_QB5629_2019-08-29_C02,NR_118853.1,95.131,1417,50,19,1,1404,44,1454,0.0,2217
K-A4_QB5629_2019-08-29_C02,NR_117679.1,95.053,1415,55,15,1,1404,40,1450,0.0,2213
K-A4_QB5629_2019-08-29_C02,NR_113615.1,95.053,1415,55,15,1,1404,24,1434,0.0,2213
K-A4_QB5629_2019-08-29_C02,NR_028912.1,95.053,1415,55,15,1,1404,22,1432,0.0,2213
K-A4_QB5629_2019-08-29_C02,NR_180640.1,95.268,1416,50,17,1,1404,51,1461,0.0,2228
K-A4_QB5629_2019-08-29_C02,NR_159317.1,95.194,1415,53,15,1,1404,24,1434,0.0,2228
K-A4_QB5629_2019-08-29_C02,NR_041927.1,95.265,1415,52,15,1,1404,20,1430,0.0,2235
K-A4_QB5629_2019-08-29_C02,NR_126319.1,95.413,1417,48,17,1,1404,40,1452,0.0,2241
K-A7_QB5629_2019-08-29_E02,NR_180446.1,98.652,1409,10,9,1,1400,52,1460,0.0,2488
K-A7_QB5629_2019-08-29_E02,NR_180451.1,97.516,1409,26,9,1,1400,49,1457,0.0,2399
K-A7_QB5629_2019-08-29_E02,NR_126208.1,97.500,1400,26,9,10,1400,1,1400,0.0,2383
K-A7_QB5629_2019-08-29_E02,NR_028894.1,97.518,1410,24,11,1,1400,32,1440,0.0,2399
K-A7_QB5629_2019-08-29_E02,NR_028687.1,97.234,1410,28,11,1,1400,46,1454,0.0,2377
K-A7_QB5629_2019-08-29_E02,NR_180450.1,97.939,1407,22,7,1,1400,49,1455,0.0,2431
K-A7_QB5629_2019-08-29_E02,NR_113340.1,97.376,1410,26,11,1,1400,25,1433,0.0,2392
K-A7_QB5629_2019-08-29_E02,NR_180316.1,96.596,1410,37,11,1,1400,52,1460,0.0,2327
K-A7_QB5629_2019-08-29_E02,NR_113596.1,97.305,1410,27,11,1,1400,25,1433,0.0,2388
K-A7_QB5629_2019-08-29_E02,NR_170426.1,97.299,1407,31,7,1,1400,25,1431,0.0,2381
K-A7_QB5629_2019-08-29_E02,NR_042349.1,97.372,1408,28,9,1,1400,25,1431,0.0,2386
K-A7_QB5629_2019-08-29_E02,NR_028802.1,97.230,1408,30,9,1,1400,13,1419,0.0,2375
K-A7_QB5629_2019-08-29_E02,NR_024641.1,96.664,1409,38,9,1,1400,20,1428,0.0,2335
K-A7_QB5629_2019-08-29_E02,NR_181726.1,97.450,1412,21,15,1,1400,49,1457,0.0,2394
K-A7_QB5629_2019-08-29_E02,NR_112007.1,97.159,1408,31,9,1,1400,20,1426,0.0,2370
K-A7_QB5629_2019-08-29_E02,NR_111998.1,97.301,1408,29,9,1,1400,20,1426,0.0,2381
K-A7_QB5629_2019-08-29_E02,NR_028803.1,97.655,1407,26,7,1,1400,17,1423,0.0,2409
K-A7_QB5629_2019-08-29_E02,NR_024862.1,96.948,1409,34,9,1,1400,40,1448,0.0,2357
K-A7_QB5629_2019-08-29_E02,NR_114108.1,97.655,1407,26,7,1,1400,25,1431,0.0,2412
K-A7_QB5629_2019-08-29_E02,NR_028688.1,97.445,1409,27,9,1,1400,46,1454,0.0,2394
K-A7_QB5629_2019-08-29_E02,NR_184601.1,97.584,1407,27,7,1,1400,49,1455,0.0,2403
K-A7_QB5629_2019-08-29_E02,NR_025331.1,97.512,1407,28,7,1,1400,31,1437,0.0,2398
K-A7_QB5629_2019-08-29_E02,NR_114154.1,97.301,1408,29,9,1,1400,25,1431,0.0,2383
K-A7_QB5629_2019-08-29_E02,NR_114153.1,96.946,1408,34,9,1,1400,25,1431,0.0,2359
K-A7_QB5629_2019-08-29_E02,NR_180641.1,97.159,1408,31,9,1,1400,29,1435,0.0,2370
K-A7_QB5629_2019-08-29_E02,NR_180237.1,97.370,1407,30,7,1,1400,45,1451,0.0,2386
K-A7_QB5629_2019-08-29_E02,NR_104933.1,97.301,1408,29,9,1,1400,45,1451,0.0,2381
K-A7_QB5629_2019-08-29_E02,NR_041968.1,97.518,1410,21,14,1,1400,33,1438,0.0,2398
K-A7_QB5629_2019-08-29_E02,NR_117752.1,97.614,1383,23,10,27,1400,3,1384,0.0,2362
K-A7_QB5629_2019-08-29_E02,NR_117405.1,97.230,1408,30,9,1,1400,25,1431,0.0,2379
K-A7_QB5629_2019-08-29_E02,NR_180353.1,97.088,1408,29,12,3,1400,5,1410,0.0,2362
K-A7_QB5629_2019-08-29_E02,NR_146667.2,96.806,1409,36,9,1,1400,32,1440,0.0,2344
K-A7_QB5629_2019-08-29_E02,NR_024642.1,97.157,1407,33,7,1,1400,20,1426,0.0,2372
K-A7_QB5629_2019-08-29_E02,NR_179946.1,97.299,1407,31,7,1,1400,45,1451,0.0,2381
K-A7_QB5629_2019-08-29_E02,NR_028893.1,97.086,1407,34,7,1,1400,31,1437,0.0,2364
K-A7_QB5629_2019-08-29_E02,NR_178769.1,97.021,1410,31,11,1,1400,11,1419,0.0,2362
K-A7_QB5629_2019-08-29_E02,NR_179166.1,96.806,1409,36,9,1,1400,49,1457,0.0,2344
K-A7_QB5629_2019-08-29_E02,NR_126318.1,97.655,1407,26,7,1,1400,43,1449,0.0,2409
K-A7_QB5629_2019-08-29_E02,NR_036919.1,97.372,1408,28,9,1,1400,31,1437,0.0,2386
K-A7_QB5629_2019-08-29_E02,NR_025329.1,97.445,1409,25,11,1,1400,28,1434,0.0,2392
K-A7_QB5629_2019-08-29_E02,NR_025328.1,97.305,1410,25,13,1,1400,33,1439,0.0,2381
K-A7_QB5629_2019-08-29_E02,NR_179968.1,97.299,1407,31,7,1,1400,49,1455,0.0,2381
K-A7_QB5629_2019-08-29_E02,NR_044977.1,97.655,1407,26,7,1,1400,25,1431,0.0,2422
K-A7_QB5629_2019-08-29_E02,NR_025330.1,97.301,1408,29,9,1,1400,29,1435,0.0,2381
K-A7_QB5629_2019-08-29_E02,NR_044976.1,96.667,1410,37,9,1,1400,25,1434,0.0,2340
K-A7_QB5629_2019-08-29_E02,NR_179167.1,97.445,1409,27,9,1,1400,49,1457,0.0,2394
K-A7_QB5629_2019-08-29_E02,NR_041697.1,96.809,1410,34,11,1,1400,46,1454,0.0,2344
K-A7_QB5629_2019-08-29_E02,NR_148649.1,97.511,1406,28,7,2,1400,6,1411,0.0,2398
K-A7_QB5629_2019-08-29_E02,NR_104937.1,96.667,1410,36,11,1,1400,43,1451,0.0,2333
K-A7_QB5629_2019-08-29_E02,NR_113614.1,97.868,1407,23,7,1,1400,25,1431,0.0,2427
K-A7_QB5629_2019-08-29_E02,NR_116109.1,96.667,1410,36,11,1,1400,25,1433,0.0,2333
K-A7_QB5629_2019-08-29_E02,NR_102493.2,97.868,1407,23,7,1,1400,52,1458,0.0,2425
K-A7_QB5629_2019-08-29_E02,NR_114737.1,97.797,1407,24,7,1,1400,23,1429,0.0,2425
K-A7_QB5629_2019-08-29_E02,NR_126317.1,97.161,1409,31,9,1,1400,42,1450,0.0,2372
K-A7_QB5629_2019-08-29_E02,NR_116798.1,96.596,1410,37,11,1,1400,45,1453,0.0,2327
K-A7_QB5629_2019-08-29_E02,NR_024643.1,97.865,1405,23,7,1,1398,20,1424,0.0,2422
K-A7_QB5629_2019-08-29_E02,NR_180236.1,97.956,1370,21,7,35,1397,1,1370,0.0,2368
K-A7_QB5629_2019-08-29_E02,NR_024640.1,97.933,1403,22,7,1,1396,20,1422,0.0,2423
K-A7_QB5629_2019-08-29_E02,NR_114159.1,97.086,1407,34,7,1,1400,26,1432,0.0,2366
K-A7_QB5629_2019-08-29_E02,NR_104934.1,97.157,1407,33,7,1,1400,45,1451,0.0,2370
K-A7_QB5629_2019-08-29_E02,NR_117547.1,97.370,1407,30,7,1,1400,48,1454,0.0,2392
K-A7_QB5629_2019-08-29_E02,NR_114589.1,96.804,1408,35,10,1,1400,21,1426,0.0,2342
K-A7_QB5629_2019-08-29_E02,NR_117750.1,97.106,1382,32,8,27,1400,3,1384,0.0,2324
K-A7_QB5629_2019-08-29_E02,NR_118011.1,96.596,1410,37,11,1,1400,43,1451,0.0,2327
K-A7_QB5629_2019-08-29_E02,NR_028677.1,96.806,1409,35,10,1,1400,1,1408,0.0,2344
K-A7_QB5629_2019-08-29_E02,NR_114080.1,97.228,1407,32,7,1,1400,25,1431,0.0,2375
K-A7_QB5629_2019-08-29_E02,NR_044978.1,96.517,1407,42,7,1,1400,25,1431,0.0,2324
K-A7_QB5629_2019-08-29_E02,NR_178843.1,96.946,1408,34,9,1,1400,5,1411,0.0,2355
K-A7_QB5629_2019-08-29_E02,NR_112986.1,97.147,1402,33,7,1,1395,33,1434,0.0,2361
K-A7_QB5629_2019-08-29_E02,NR_118853.1,96.660,1407,40,7,1,1400,45,1451,0.0,2331
K-A7_QB5629_2019-08-29_E02,NR_181872.1,97.789,1357,23,7,51,1400,1,1357,0.0,2342
K-A7_QB5629_2019-08-29_E02,NR_184633.1,97.991,1344,20,7,54,1390,1,1344,0.0,2326
K-A7_QB5629_2019-08-29_E02,NR_042356.1,97.232,1409,30,9,1,1400,17,1425,0.0,2377
K-A7_QB5629_2019-08-29_E02,NR_180640.1,97.086,1407,34,7,1,1400,52,1458,0.0,2364
K-A7_QB5629_2019-08-29_E02,NR_159317.1,96.944,1407,36,7,1,1400,25,1431,0.0,2359
K-A7_QB5629_2019-08-29_E02,NR_041927.1,96.873,1407,37,7,1,1400,21,1427,0.0,2355
K-A7_QB5629_2019-08-29_E02,NR_116756.1,98.007,1355,20,7,53,1400,1,1355,0.0,2353
K-A7_QB5629_2019-08-29_E02,NR_126319.1,97.232,1409,30,9,1,1400,41,1449,0.0,2377
K-C10_QB5629_2019-08-29_A03,NR_180446.1,95.969,1414,50,7,1,1409,52,1463,0.0,2289
K-C10_QB5629_2019-08-29_A03,NR_180451.1,96.045,1416,45,10,1,1409,49,1460,0.0,2294
K-C10_QB5629_2019-08-29_A03,NR_126208.1,96.091,1407,45,9,9,1409,1,1403,0.0,2285
K-C10_QB5629_2019-08-29_A03,NR_028894.1,96.110,1414,48,7,1,1409,32,1443,0.0,2300
K-C10_QB5629_2019-08-29_A03,NR_028687.1,95.901,1415,49,9,1,1409,46,1457,0.0,2283
K-C10_QB5629_2019-08-29_A03,NR_180450.1,96.034,1412,51,5,1,1409,49,1458,0.0,2292
K-C10_QB5629_2019-08-29_A03,NR_113340.1,96.110,1414,48,7,1,1409,25,1436,0.0,2303
K-C10_QB5629_2019-08-29_A03,NR_113596.1,96.040,1414,49,7,1,1409,25,1436,0.0,2300
K-C10_QB5629_2019-08-29_A03,NR_170426.1,96.105,1412,50,5,1,1409,25,1434,0.0,2298
K-C10_QB5629_2019-08-29_A03,NR_042349.1,96.246,1412,48,5,1,1409,25,1434,0.0,2309
K-C10_QB5629_2019-08-29_A03,NR_028802.1,96.320,1413,45,7,1,1409,13,1422,0.0,2314
K-C10_QB5629_2019-08-29_A03,NR_112007.1,96.391,1413,44,7,1,1409,20,1429,0.0,2320
K-C10_QB5629_2019-08-29_A03,NR_111998.1,96.176,1412,49,5,1,1409,20,1429,0.0,2303
K-C10_QB5629_2019-08-29_A03,NR_028803.1,95.966,1413,50,7,1,1409,17,1426,0.0,2287
K-C10_QB5629_2019-08-29_A03,NR_114108.1,95.895,1413,51,7,1,1409,25,1434,0.0,2285
K-C10_QB5629_2019-08-29_A03,NR_184601.1,95.966,1413,50,7,1,1409,49,1458,0.0,2287
K-C10_QB5629_2019-08-29_A03,NR_025331.1,95.966,1413,50,7,1,1409,31,1440,0.0,2287
K-C10_QB5629_2019-08-29_A03,NR_114154.1,96.459,1412,45,5,1,1409,25,1434,0.0,2327
K-C10_QB5629_2019-08-29_A03,NR_114153.1,96.249,1413,46,7,1,1409,25,1434,0.0,2316
K-C10_QB5629_2019-08-29_A03,NR_180641.1,96.034,1412,51,5,1,1409,29,1438,0.0,2292
K-C10_QB5629_2019-08-29_A03,NR_180237.1,96.388,1412,46,5,1,1409,45,1454,0.0,2320
K-C10_QB5629_2019-08-29_A03,NR_104933.1,96.459,1412,45,5,1,1409,45,1454,0.0,2326
K-C10_QB5629_2019-08-29_A03,NR_117405.1,96.388,1412,46,5,1,1409,25,1434,0.0,2324
K-C10_QB5629_2019-08-29_A03,NR_180353.1,96.099,1410,49,6,3,1408,5,1412,0.0,2294
K-C10_QB5629_2019-08-29_A03,NR_024642.1,96.178,1413,47,7,1,1409,20,1429,0.0,2305
K-C10_QB5629_2019-08-29_A03,NR_179946.1,95.963,1412,52,5,1,1409,45,1454,0.0,2287
K-C10_QB5629_2019-08-29_A03,NR_178769.1,96.181,1414,47,7,1,1409,11,1422,0.0,2307
K-C10_QB5629_2019-08-29_A03,NR_126318.1,95.966,1413,50,7,1,1409,43,1452,0.0,2287
K-C10_QB5629_2019-08-29_A03,NR_179968.1,96.320,1413,45,7,1,1409,49,1458,0.0,2314
K-C10_QB5629_2019-08-29_A03,NR_044977.1,96.034,1412,51,5,1,1409,25,1434,0.0,2305
K-C10_QB5629_2019-08-29_A03,NR_041697.1,96.181,1414,47,7,1,1409,46,1457,0.0,2305
K-C10_QB5629_2019-08-29_A03,NR_148649.1,96.527,1411,44,5,2,1409,6,1414,0.0,2331
K-C10_QB5629_2019-08-29_A03,NR_104937.1,96.249,1413,44,9,1,1407,43,1452,0.0,2307
K-C10_QB5629_2019-08-29_A03,NR_116109.1,96.249,1413,44,9,1,1407,25,1434,0.0,2307
K-C10_QB5629_2019-08-29_A03,NR_116798.1,96.178,1413,45,9,1,1407,45,1454,0.0,2302
K-C10_QB5629_2019-08-29_A03,NR_114159.1,96.601,1412,43,5,1,1409,26,1435,0.0,2338
K-C10_QB5629_2019-08-29_A03,NR_104934.1,96.601,1412,43,5,1,1409,45,1454,0.0,2337
K-C10_QB5629_2019-08-29_A03,NR_114080.1,96.955,1412,38,5,1,1409,25,1434,0.0,2364
K-C10_QB5629_2019-08-29_A03,NR_104940.1,95.901,1415,47,10,2,1409,1,1411,0.0,2281
K-C10_QB5629_2019-08-29_A03,NR_179439.1,95.892,1412,53,5,1,1409,45,1454,0.0,2285
K-C10_QB5629_2019-08-29_A03,NR_178843.1,96.742,1412,41,5,1,1409,5,1414,0.0,2350
K-C10_QB5629_2019-08-29_A03,NR_112986.1,96.581,1404,43,5,1,1401,33,1434,0.0,2322
K-C10_QB5629_2019-08-29_A03,NR_118853.1,96.320,1413,45,7,1,1409,45,1454,0.0,2314
K-C10_QB5629_2019-08-29_A03,NR_180640.1,96.601,1412,43,5,1,1409,52,1461,0.0,2337
K-C10_QB5629_2019-08-29_A03,NR_159317.1,96.176,1412,49,5,1,1409,25,1434,0.0,2309
K-C10_QB5629_2019-08-29_A03,NR_041927.1,96.459,1412,45,5,1,1409,21,1430,0.0,2333
K-C10_QB5629_2019-08-29_A03,NR_126319.1,95.898,1414,51,7,1,1409,41,1452,0.0,2283
K-D4_QB5629_2019-08-29_B03,NR_028802.1,96.398,1416,43,8,1,1414,13,1422,0.0,2326
K-D4_QB5629_2019-08-29_B03,NR_112007.1,96.328,1416,44,8,1,1414,20,1429,0.0,2320
K-D4_QB5629_2019-08-29_B03,NR_028803.1,96.254,1415,47,6,1,1414,17,1426,0.0,2314
K-D4_QB5629_2019-08-29_B03,NR_114108.1,96.184,1415,48,6,1,1414,25,1434,0.0,2313
K-D4_QB5629_2019-08-29_B03,NR_114153.1,96.116,1416,47,8,1,1414,25,1434,0.0,2311
K-D4_QB5629_2019-08-29_B03,NR_025330.1,96.186,1416,46,8,1,1414,29,1438,0.0,2309
K-D4_QB5629_2019-08-29_B03,NR_113614.1,96.113,1415,49,6,1,1414,25,1434,0.0,2305
K-D4_QB5629_2019-08-29_B03,NR_102493.2,96.113,1415,49,6,1,1414,52,1461,0.0,2303
K-D8_QB5629_2019-08-29_D03,NR_180446.1,97.447,1410,31,5,1,1406,52,1460,0.0,2399
K-D8_QB5629_2019-08-29_D03,NR_180451.1,96.535,1414,36,12,1,1406,49,1457,0.0,2327
K-D8_QB5629_2019-08-29_D03,NR_028894.1,97.447,1410,31,5,1,1406,32,1440,0.0,2399
K-D8_QB5629_2019-08-29_D03,NR_028687.1,97.447,1410,31,5,1,1406,46,1454,0.0,2399
K-D8_QB5629_2019-08-29_D03,NR_180450.1,97.660,1410,26,7,1,1406,49,1455,0.0,2414
K-D8_QB5629_2019-08-29_D03,NR_113340.1,97.305,1410,33,5,1,1406,25,1433,0.0,2392
K-D8_QB5629_2019-08-29_D03,NR_180316.1,96.745,1413,35,10,1,1406,52,1460,0.0,2344
K-D8_QB5629_2019-08-29_D03,NR_113596.1,97.234,1410,34,5,1,1406,25,1433,0.0,2388
K-D8_QB5629_2019-08-29_D03,NR_170426.1,97.518,1410,28,7,1,1406,25,1431,0.0,2403
K-D8_QB5629_2019-08-29_D03,NR_042349.1,97.234,1410,32,7,1,1406,25,1431,0.0,2381
K-D8_QB5629_2019-08-29_D03,NR_028802.1,97.872,1410,23,7,1,1406,13,1419,0.0,2431
K-D8_QB5629_2019-08-29_D03,NR_181726.1,97.663,1412,24,9,1,1406,49,1457,0.0,2416
K-D8_QB5629_2019-08-29_D03,NR_112007.1,97.801,1410,24,7,1,1406,20,1426,0.0,2425
K-D8_QB5629_2019-08-29_D03,NR_111998.1,97.163,1410,33,7,1,1406,20,1426,0.0,2375
K-D8_QB5629_2019-08-29_D03,NR_028803.1,97.589,1410,27,7,1,1406,17,1423,0.0,2409
K-D8_QB5629_2019-08-29_D03,NR_024862.1,97.096,1412,32,9,1,1406,40,1448,0.0,2372
K-D8_QB5629_2019-08-29_D03,NR_114108.1,97.447,1410,29,7,1,1406,25,1431,0.0,2401
K-D8_QB5629_2019-08-29_D03,NR_028688.1,97.234,1410,34,5,1,1406,46,1454,0.0,2383
K-D8_QB5629_2019-08-29_D03,NR_184601.1,98.014,1410,21,7,1,1406,49,1455,0.0,2442
K-D8_QB5629_2019-08-29_D03,NR_025331.1,97.518,1410,28,7,1,1406,31,1437,0.0,2403
K-D8_QB5629_2019-08-29_D03,NR_114154.1,97.447,1410,29,7,1,1406,25,1431,0.0,2399
K-D8_QB5629_2019-08-29_D03,NR_114153.1,97.730,1410,25,7,1,1406,25,1431,0.0,2427
K-D8_QB5629_2019-08-29_D03,NR_180641.1,97.589,1410,27,7,1,1406,29,1435,0.0,2409
K-D8_QB5629_2019-08-29_D03,NR_180237.1,97.092,1410,34,7,1,1406,45,1451,0.0,2370
K-D8_QB5629_2019-08-29_D03,NR_104933.1,97.447,1410,29,7,1,1406,45,1451,0.0,2398
K-D8_QB5629_2019-08-29_D03,NR_041968.1,97.521,1412,23,12,1,1406,33,1438,0.0,2403
K-D8_QB5629_2019-08-29_D03,NR_117752.1,97.540,1382,29,5,29,1406,4,1384,0.0,2359
K-D8_QB5629_2019-08-29_D03,NR_117405.1,97.376,1410,30,7,1,1406,25,1431,0.0,2396
K-D8_QB5629_2019-08-29_D03,NR_180353.1,97.372,1408,31,6,3,1406,5,1410,0.0,2390
K-D8_QB5629_2019-08-29_D03,NR_024642.1,98.652,1410,12,7,1,1406,20,1426,0.0,2494
K-D8_QB5629_2019-08-29_D03,NR_179946.1,97.021,1410,35,7,1,1406,45,1451,0.0,2364
K-D8_QB5629_2019-08-29_D03,NR_028893.1,97.163,1410,33,7,1,1406,31,1437,0.0,2375
K-D8_QB5629_2019-08-29_D03,NR_178769.1,96.950,1410,38,5,1,1406,11,1419,0.0,2362
K-D8_QB5629_2019-08-29_D03,NR_126318.1,97.163,1410,33,7,1,1406,43,1449,0.0,2375
K-D8_QB5629_2019-08-29_D03,NR_036919.1,97.305,1410,31,7,1,1406,31,1437,0.0,2386
K-D8_QB5629_2019-08-29_D03,NR_025329.1,97.307,1411,29,9,1,1406,28,1434,0.0,2386
K-D8_QB5629_2019-08-29_D03,NR_025328.1,97.311,1413,25,13,1,1406,33,1439,0.0,2386
K-D8_QB5629_2019-08-29_D03,NR_179968.1,97.872,1410,23,7,1,1406,49,1455,0.0,2431
K-D8_QB5629_2019-08-29_D03,NR_044977.1,96.882,1411,35,9,1,1406,25,1431,0.0,2366
K-D8_QB5629_2019-08-29_D03,NR_025330.1,97.234,1410,32,7,1,1406,29,1435,0.0,2381
K-D8_QB5629_2019-08-29_D03,NR_044976.1,97.450,1412,28,8,1,1406,25,1434,0.0,2407
K-D8_QB5629_2019-08-29_D03,NR_179167.1,96.953,1411,36,7,1,1406,49,1457,0.0,2361
K-D8_QB5629_2019-08-29_D03,NR_041697.1,97.092,1410,36,5,1,1406,46,1454,0.0,2372
K-D8_QB5629_2019-08-29_D03,NR_148649.1,96.950,1410,34,9,2,1406,6,1411,0.0,2359
K-D8_QB5629_2019-08-29_D03,NR_104937.1,96.596,1410,43,5,1,1406,43,1451,0.0,2333
K-D8_QB5629_2019-08-29_D03,NR_113614.1,97.730,1410,25,7,1,1406,25,1431,0.0,2422
K-D8_QB5629_2019-08-29_D03,NR_116109.1,96.596,1410,43,5,1,1406,25,1433,0.0,2333
K-D8_QB5629_2019-08-29_D03,NR_102493.2,97.730,1410,25,7,1,1406,52,1458,0.0,2420
K-D8_QB5629_2019-08-29_D03,NR_114737.1,97.589,1410,27,7,1,1406,23,1429,0.0,2414
K-D8_QB5629_2019-08-29_D03,NR_126317.1,96.950,1410,38,5,1,1406,42,1450,0.0,2361
K-D8_QB5629_2019-08-29_D03,NR_116798.1,96.525,1410,44,5,1,1406,45,1453,0.0,2327
K-D8_QB5629_2019-08-29_D03,NR_024643.1,97.727,1408,25,7,1,1404,20,1424,0.0,2416
K-D8_QB5629_2019-08-29_D03,NR_180236.1,97.597,1373,25,8,36,1403,1,1370,0.0,2346
K-D8_QB5629_2019-08-29_D03,NR_024640.1,97.015,1407,33,9,1,1402,20,1422,0.0,2357
K-D8_QB5629_2019-08-29_D03,NR_114159.1,97.165,1411,31,9,1,1406,26,1432,0.0,2377
K-D8_QB5629_2019-08-29_D03,NR_104934.1,97.165,1411,31,9,1,1406,45,1451,0.0,2375
K-D8_QB5629_2019-08-29_D03,NR_117547.1,97.518,1410,28,7,1,1406,48,1454,0.0,2409
K-D8_QB5629_2019-08-29_D03,NR_114589.1,97.163,1410,32,8,1,1406,21,1426,0.0,2375
K-D8_QB5629_2019-08-29_D03,NR_028677.1,97.165,1411,32,8,1,1406,1,1408,0.0,2377
K-D8_QB5629_2019-08-29_D03,NR_114080.1,96.953,1411,34,9,1,1406,25,1431,0.0,2359
K-D8_QB5629_2019-08-29_D03,NR_184631.1,98.216,1345,19,5,56,1396,1,1344,0.0,2346
K-D8_QB5629_2019-08-29_D03,NR_178843.1,96.879,1410,37,7,1,1406,5,1411,0.0,2355
K-D8_QB5629_2019-08-29_D03,NR_112986.1,97.155,1406,31,9,1,1401,33,1434,0.0,2366
K-D8_QB5629_2019-08-29_D03,NR_118853.1,97.021,1410,35,7,1,1406,45,1451,0.0,2364
K-D8_QB5629_2019-08-29_D03,NR_181872.1,97.570,1358,28,5,53,1406,1,1357,0.0,2329
K-D8_QB5629_2019-08-29_D03,NR_042356.1,97.092,1410,36,5,1,1406,17,1425,0.0,2372
K-D8_QB5629_2019-08-29_D03,NR_180640.1,97.236,1411,30,9,1,1406,52,1458,0.0,2381
K-D8_QB5629_2019-08-29_D03,NR_159317.1,97.163,1410,33,7,1,1406,25,1431,0.0,2381
K-D8_QB5629_2019-08-29_D03,NR_041927.1,96.598,1411,39,9,1,1406,21,1427,0.0,2338
K-D8_QB5629_2019-08-29_D03,NR_126319.1,96.598,1411,41,7,1,1406,41,1449,0.0,2333
K-F4_QB5629_2019-08-29_G03,NR_028894.1,93.768,1412,80,8,1,1408,33,1440,0.0,2113
K-F4_QB5629_2019-08-29_G03,NR_028687.1,93.839,1412,79,8,1,1408,47,1454,0.0,2119
K-F4_QB5629_2019-08-29_G03,NR_180450.1,93.759,1410,82,6,1,1408,50,1455,0.0,2111
K-F4_QB5629_2019-08-29_G03,NR_113340.1,93.768,1412,80,8,1,1408,26,1433,0.0,2117
K-F4_QB5629_2019-08-29_G03,NR_113596.1,93.697,1412,81,8,1,1408,26,1433,0.0,2113
K-F4_QB5629_2019-08-29_G03,NR_170426.1,93.830,1410,81,6,1,1408,26,1431,0.0,2117
K-F4_QB5629_2019-08-29_G03,NR_042349.1,93.972,1410,79,6,1,1408,26,1431,0.0,2128
K-F4_QB5629_2019-08-29_G03,NR_028802.1,94.043,1410,78,6,1,1408,14,1419,0.0,2134
K-F4_QB5629_2019-08-29_G03,NR_112007.1,94.113,1410,77,6,1,1408,21,1426,0.0,2139
K-F4_QB5629_2019-08-29_G03,NR_111998.1,93.901,1410,80,6,1,1408,21,1426,0.0,2122
K-F4_QB5629_2019-08-29_G03,NR_184601.1,93.759,1410,82,6,1,1408,50,1455,0.0,2111
K-F4_QB5629_2019-08-29_G03,NR_025331.1,94.184,1410,76,6,1,1408,32,1437,0.0,2145
K-F4_QB5629_2019-08-29_G03,NR_114154.1,94.043,1410,78,6,1,1408,26,1431,0.0,2135
K-F4_QB5629_2019-08-29_G03,NR_114153.1,93.972,1410,79,6,1,1408,26,1431,0.0,2135
K-F4_QB5629_2019-08-29_G03,NR_180641.1,93.901,1410,80,6,1,1408,30,1435,0.0,2122
K-F4_QB5629_2019-08-29_G03,NR_180237.1,94.043,1410,78,6,1,1408,46,1451,0.0,2134
K-F4_QB5629_2019-08-29_G03,NR_104933.1,94.043,1410,78,6,1,1408,46,1451,0.0,2134
K-F4_QB5629_2019-08-29_G03,NR_117405.1,94.043,1410,78,6,1,1408,26,1431,0.0,2135
K-F4_QB5629_2019-08-29_G03,NR_180353.1,93.759,1410,81,7,2,1408,5,1410,0.0,2109
K-F4_QB5629_2019-08-29_G03,NR_024642.1,93.830,1410,81,6,1,1408,21,1426,0.0,2119
K-F4_QB5629_2019-08-29_G03,NR_179946.1,93.830,1410,81,6,1,1408,46,1451,0.0,2117
K-F4_QB5629_2019-08-29_G03,NR_028893.1,94.043,1410,78,6,1,1408,32,1437,0.0,2134
K-F4_QB5629_2019-08-29_G03,NR_178769.1,93.980,1412,77,8,1,1408,12,1419,0.0,2132
K-F4_QB5629_2019-08-29_G03,NR_126318.1,93.830,1410,81,6,1,1408,44,1449,0.0,2117
K-F4_QB5629_2019-08-29_G03,NR_036919.1,94.184,1410,76,6,1,1408,32,1437,0.0,2145
K-F4_QB5629_2019-08-29_G03,NR_025329.1,93.834,1411,79,8,1,1408,29,1434,0.0,2117
K-F4_QB5629_2019-08-29_G03,NR_179968.1,94.184,1410,76,6,1,1408,50,1455,0.0,2145
K-F4_QB5629_2019-08-29_G03,NR_025330.1,93.901,1410,80,6,1,1408,30,1435,0.0,2122
K-F4_QB5629_2019-08-29_G03,NR_041697.1,93.980,1412,77,8,1,1408,47,1454,0.0,2130
K-F4_QB5629_2019-08-29_G03,NR_148649.1,93.980,1412,75,10,1,1408,6,1411,0.0,2128
K-F4_QB5629_2019-08-29_G03,NR_104937.1,93.909,1412,78,8,1,1408,44,1451,0.0,2124
K-F4_QB5629_2019-08-29_G03,NR_116109.1,93.909,1412,78,8,1,1408,26,1433,0.0,2124
K-F4_QB5629_2019-08-29_G03,NR_116798.1,93.839,1412,79,8,1,1408,46,1453,0.0,2119
K-F4_QB5629_2019-08-29_G03,NR_114159.1,93.980,1412,75,10,1,1408,27,1432,0.0,2130
K-F4_QB5629_2019-08-29_G03,NR_104934.1,93.980,1412,75,10,1,1408,46,1451,0.0,2128
K-F4_QB5629_2019-08-29_G03,NR_114080.1,94.051,1412,74,10,1,1408,26,1431,0.0,2134
K-F4_QB5629_2019-08-29_G03,NR_179439.1,93.972,1410,79,6,1,1408,46,1451,0.0,2132
K-F4_QB5629_2019-08-29_G03,NR_178843.1,94.113,1410,77,6,1,1408,6,1411,0.0,2141
K-F4_QB5629_2019-08-29_G03,NR_112986.1,93.959,1407,75,10,1,1403,34,1434,0.0,2119
K-F4_QB5629_2019-08-29_G03,NR_118853.1,94.113,1410,77,6,1,1408,46,1451,0.0,2139
K-F4_QB5629_2019-08-29_G03,NR_180640.1,93.980,1412,75,10,1,1408,53,1458,0.0,2128
K-F4_QB5629_2019-08-29_G03,NR_041927.1,93.697,1412,79,10,1,1408,22,1427,0.0,2115
K-F4_QB5629_2019-08-29_G03,NR_041527.1,94.263,1412,73,8,1,1408,48,1455,0.0,2152
K-F8_QB5629_2019-08-29_H03,NR_180451.1,92.857,1428,80,21,1,1422,49,1460,0.0,2052
K-F8_QB5629_2019-08-29_H03,NR_126208.1,92.882,1419,80,20,9,1422,1,1403,0.0,2041
K-F8_QB5629_2019-08-29_H03,NR_028894.1,92.707,1426,86,18,1,1422,32,1443,0.0,2041
K-F8_QB5629_2019-08-29_H03,NR_180450.1,92.772,1425,85,18,1,1422,49,1458,0.0,2045
K-F8_QB5629_2019-08-29_H03,NR_113340.1,92.637,1426,87,18,1,1422,25,1436,0.0,2036
K-F8_QB5629_2019-08-29_H03,NR_113596.1,92.637,1426,87,18,1,1422,25,1436,0.0,2041
K-F8_QB5629_2019-08-29_H03,NR_170426.1,92.697,1424,88,16,1,1422,25,1434,0.0,2039
K-F8_QB5629_2019-08-29_H03,NR_042349.1,92.837,1424,86,16,1,1422,25,1434,0.0,2050
K-F8_QB5629_2019-08-29_H03,NR_028802.1,92.837,1424,86,16,1,1422,13,1422,0.0,2050
K-F8_QB5629_2019-08-29_H03,NR_112007.1,92.767,1424,87,16,1,1422,20,1429,0.0,2045
K-F8_QB5629_2019-08-29_H03,NR_111998.1,93.048,1424,83,16,1,1422,20,1429,0.0,2067
K-F8_QB5629_2019-08-29_H03,NR_028803.1,92.837,1424,86,16,1,1422,17,1426,0.0,2050
K-F8_QB5629_2019-08-29_H03,NR_114108.1,92.697,1424,88,16,1,1422,25,1434,0.0,2043
K-F8_QB5629_2019-08-29_H03,NR_028688.1,92.777,1426,85,18,1,1422,46,1457,0.0,2047
K-F8_QB5629_2019-08-29_H03,NR_184601.1,92.626,1424,89,16,1,1422,49,1458,0.0,2034
K-F8_QB5629_2019-08-29_H03,NR_114154.1,93.188,1424,81,16,1,1422,25,1434,0.0,2080
K-F8_QB5629_2019-08-29_H03,NR_114153.1,92.697,1424,88,16,1,1422,25,1434,0.0,2047
K-F8_QB5629_2019-08-29_H03,NR_180641.1,92.626,1424,89,16,1,1422,29,1438,0.0,2034
K-F8_QB5629_2019-08-29_H03,NR_180237.1,93.258,1424,80,16,1,1422,45,1454,0.0,2084
K-F8_QB5629_2019-08-29_H03,NR_104933.1,93.258,1424,80,16,1,1422,45,1454,0.0,2084
K-F8_QB5629_2019-08-29_H03,NR_117405.1,93.188,1424,81,16,1,1422,25,1434,0.0,2082
K-F8_QB5629_2019-08-29_H03,NR_180353.1,92.686,1422,87,17,3,1421,5,1412,0.0,2034
K-F8_QB5629_2019-08-29_H03,NR_024642.1,92.626,1424,89,16,1,1422,20,1429,0.0,2036
K-F8_QB5629_2019-08-29_H03,NR_179946.1,93.399,1424,78,16,1,1422,45,1454,0.0,2095
K-F8_QB5629_2019-08-29_H03,NR_178769.1,92.567,1426,88,18,1,1422,11,1422,0.0,2030
K-F8_QB5629_2019-08-29_H03,NR_179166.1,92.637,1426,87,18,1,1422,49,1460,0.0,2036
K-F8_QB5629_2019-08-29_H03,NR_126318.1,92.842,1425,84,18,1,1422,43,1452,0.0,2050
K-F8_QB5629_2019-08-29_H03,NR_179968.1,92.626,1424,89,16,1,1422,49,1458,0.0,2034
K-F8_QB5629_2019-08-29_H03,NR_044977.1,92.697,1424,88,16,1,1422,25,1434,0.0,2052
K-F8_QB5629_2019-08-29_H03,NR_179167.1,93.058,1426,81,18,1,1422,49,1460,0.0,2069
K-F8_QB5629_2019-08-29_H03,NR_148649.1,93.394,1423,78,16,2,1422,6,1414,0.0,2095
K-F8_QB5629_2019-08-29_H03,NR_126317.1,93.062,1427,79,20,1,1422,42,1453,0.0,2069
K-F8_QB5629_2019-08-29_H03,NR_024640.1,93.084,1417,82,16,1,1415,20,1422,0.0,2060
K-F8_QB5629_2019-08-29_H03,NR_114159.1,92.697,1424,88,16,1,1422,26,1435,0.0,2041
K-F8_QB5629_2019-08-29_H03,NR_104934.1,92.697,1424,88,16,1,1422,45,1454,0.0,2039
K-F8_QB5629_2019-08-29_H03,NR_118011.1,92.707,1426,86,18,1,1422,43,1454,0.0,2041
K-F8_QB5629_2019-08-29_H03,NR_114080.1,92.982,1425,82,18,1,1422,25,1434,0.0,2061
K-F8_QB5629_2019-08-29_H03,NR_104940.1,92.782,1427,81,21,2,1422,1,1411,0.0,2045
K-F8_QB5629_2019-08-29_H03,NR_179439.1,92.697,1424,88,16,1,1422,45,1454,0.0,2041
K-F8_QB5629_2019-08-29_H03,NR_044978.1,92.767,1424,87,16,1,1422,25,1434,0.0,2049
K-F8_QB5629_2019-08-29_H03,NR_178843.1,93.474,1425,75,18,1,1422,5,1414,0.0,2102
K-F8_QB5629_2019-08-29_H03,NR_118853.1,92.982,1425,82,17,1,1422,45,1454,0.0,2061
K-F8_QB5629_2019-08-29_H03,NR_117679.1,92.697,1424,88,16,1,1422,41,1450,0.0,2041
K-F8_QB5629_2019-08-29_H03,NR_113615.1,92.697,1424,88,16,1,1422,25,1434,0.0,2041
K-F8_QB5629_2019-08-29_H03,NR_028912.1,92.697,1424,88,16,1,1422,23,1432,0.0,2041
K-F8_QB5629_2019-08-29_H03,NR_180640.1,92.912,1425,83,17,1,1422,52,1461,0.0,2056
K-F8_QB5629_2019-08-29_H03,NR_159317.1,92.837,1424,86,16,1,1422,25,1434,0.0,2056
K-F8_QB5629_2019-08-29_H03,NR_041927.1,92.907,1424,85,16,1,1422,21,1430,0.0,2063
K-F8_QB5629_2019-08-29_H03,NR_126319.1,93.062,1427,79,20,1,1422,41,1452,0.0,2069
K-F8_QB5629_2019-08-29_H03,NR_041527.1,92.572,1427,86,20,1,1422,47,1458,0.0,2030
K-H10_QB5629_2019-08-29_D04,NR_028802.1,96.173,1411,43,11,1,1405,17,1422,0.0,2296
K-H10_QB5629_2019-08-29_D04,NR_112007.1,96.102,1411,44,11,1,1405,24,1429,0.0,2290
K-H10_QB5629_2019-08-29_D04,NR_028803.1,96.028,1410,47,9,1,1405,21,1426,0.0,2285
K-H10_QB5629_2019-08-29_D04,NR_114108.1,95.957,1410,48,9,1,1405,29,1434,0.0,2283
K-H10_QB5629_2019-08-29_D04,NR_114153.1,95.889,1411,47,11,1,1405,29,1434,0.0,2281
K-H10_QB5629_2019-08-29_D04,NR_025330.1,95.960,1411,46,11,1,1405,33,1438,0.0,2279
K-H10_QB5629_2019-08-29_D04,NR_113614.1,95.887,1410,49,9,1,1405,29,1434,0.0,2276
M-B5_QB5629_2019-08-29_B01,NR_180446.1,96.884,1412,35,8,1,1405,51,1460,0.0,2355
M-B5_QB5629_2019-08-29_B01,NR_028894.1,97.096,1412,32,8,1,1405,31,1440,0.0,2372
M-B5_QB5629_2019-08-29_B01,NR_028687.1,97.238,1412,30,8,1,1405,45,1454,0.0,2383
M-B5_QB5629_2019-08-29_B01,NR_180450.1,97.518,1410,28,6,1,1405,48,1455,0.0,2403
M-B5_QB5629_2019-08-29_B01,NR_113340.1,97.025,1412,33,8,1,1405,24,1433,0.0,2370
M-B5_QB5629_2019-08-29_B01,NR_180316.1,97.242,1414,26,11,1,1405,51,1460,0.0,2383
M-B5_QB5629_2019-08-29_B01,NR_113596.1,96.955,1412,34,8,1,1405,24,1433,0.0,2366
M-B5_QB5629_2019-08-29_B01,NR_170426.1,97.305,1410,31,6,1,1405,24,1431,0.0,2386
M-B5_QB5629_2019-08-29_B01,NR_042349.1,97.092,1410,34,6,1,1405,24,1431,0.0,2370
M-B5_QB5629_2019-08-29_B01,NR_028802.1,97.518,1410,28,6,1,1405,12,1419,0.0,2403
M-B5_QB5629_2019-08-29_B01,NR_181726.1,96.818,1414,32,12,1,1405,48,1457,0.0,2350
M-B5_QB5629_2019-08-29_B01,NR_112007.1,97.447,1410,29,6,1,1405,19,1426,0.0,2398
M-B5_QB5629_2019-08-29_B01,NR_111998.1,97.021,1410,35,6,1,1405,19,1426,0.0,2364
M-B5_QB5629_2019-08-29_B01,NR_028803.1,97.943,1410,22,6,1,1405,16,1423,0.0,2436
M-B5_QB5629_2019-08-29_B01,NR_114108.1,97.872,1410,23,6,1,1405,24,1431,0.0,2435
M-B5_QB5629_2019-08-29_B01,NR_028688.1,97.167,1412,31,8,1,1405,45,1454,0.0,2377
M-B5_QB5629_2019-08-29_B01,NR_184601.1,98.298,1410,17,6,1,1405,48,1455,0.0,2464
M-B5_QB5629_2019-08-29_B01,NR_114154.1,97.163,1410,33,6,1,1405,24,1431,0.0,2377
M-B5_QB5629_2019-08-29_B01,NR_114153.1,97.376,1410,30,6,1,1405,24,1431,0.0,2399
M-B5_QB5629_2019-08-29_B01,NR_180641.1,97.305,1410,31,6,1,1405,28,1435,0.0,2386
M-B5_QB5629_2019-08-29_B01,NR_180237.1,96.950,1410,36,6,1,1405,44,1451,0.0,2359
M-B5_QB5629_2019-08-29_B01,NR_104933.1,97.163,1410,33,6,1,1405,44,1451,0.0,2375
M-B5_QB5629_2019-08-29_B01,NR_041968.1,96.742,1412,34,11,1,1405,32,1438,0.0,2342
M-B5_QB5629_2019-08-29_B01,NR_117405.1,97.092,1410,34,6,1,1405,24,1431,0.0,2374
M-B5_QB5629_2019-08-29_B01,NR_180353.1,97.019,1409,32,9,4,1405,5,1410,0.0,2361
M-B5_QB5629_2019-08-29_B01,NR_024642.1,97.872,1410,23,6,1,1405,19,1426,0.0,2433
M-B5_QB5629_2019-08-29_B01,NR_179946.1,96.879,1410,37,6,1,1405,44,1451,0.0,2353
M-B5_QB5629_2019-08-29_B01,NR_126318.1,97.660,1410,26,6,1,1405,42,1449,0.0,2414
M-B5_QB5629_2019-08-29_B01,NR_025328.1,96.745,1413,33,12,1,1405,32,1439,0.0,2342
M-B5_QB5629_2019-08-29_B01,NR_179968.1,97.730,1410,25,6,1,1405,48,1455,0.0,2420
M-B5_QB5629_2019-08-29_B01,NR_044977.1,97.163,1410,33,6,1,1405,24,1431,0.0,2388
M-B5_QB5629_2019-08-29_B01,NR_025330.1,96.738,1410,39,6,1,1405,28,1435,0.0,2342
M-B5_QB5629_2019-08-29_B01,NR_044976.1,97.169,1413,30,9,1,1405,24,1434,0.0,2385
M-B5_QB5629_2019-08-29_B01,NR_179167.1,96.813,1412,36,8,1,1405,48,1457,0.0,2350
M-B5_QB5629_2019-08-29_B01,NR_041697.1,96.742,1412,37,8,1,1405,45,1454,0.0,2344
M-B5_QB5629_2019-08-29_B01,NR_148649.1,97.017,1408,35,6,3,1405,6,1411,0.0,2362
M-B5_QB5629_2019-08-29_B01,NR_125691.1,96.742,1412,37,8,1,1405,1,1410,0.0,2344
M-B5_QB5629_2019-08-29_B01,NR_125690.1,96.742,1412,37,8,1,1405,21,1430,0.0,2344
M-B5_QB5629_2019-08-29_B01,NR_113614.1,98.369,1410,16,6,1,1405,24,1431,0.0,2471
M-B5_QB5629_2019-08-29_B01,NR_102493.2,98.440,1410,15,6,1,1405,51,1458,0.0,2475
M-B5_QB5629_2019-08-29_B01,NR_114737.1,98.227,1410,18,6,1,1405,22,1429,0.0,2464
M-B5_QB5629_2019-08-29_B01,NR_126317.1,97.380,1412,28,8,1,1405,41,1450,0.0,2394
M-B5_QB5629_2019-08-29_B01,NR_024643.1,98.438,1408,15,6,1,1403,19,1424,0.0,2471
M-B5_QB5629_2019-08-29_B01,NR_024640.1,97.155,1406,33,6,1,1401,19,1422,0.0,2368
M-B5_QB5629_2019-08-29_B01,NR_114159.1,97.305,1410,31,6,1,1405,25,1432,0.0,2388
M-B5_QB5629_2019-08-29_B01,NR_104934.1,97.376,1410,30,6,1,1405,44,1451,0.0,2392
M-B5_QB5629_2019-08-29_B01,NR_117547.1,97.589,1410,27,6,1,1405,47,1454,0.0,2414
M-B5_QB5629_2019-08-29_B01,NR_114589.1,97.092,1410,33,7,1,1405,20,1426,0.0,2370
M-B5_QB5629_2019-08-29_B01,NR_028677.1,97.092,1410,33,7,2,1405,1,1408,0.0,2370
M-B5_QB5629_2019-08-29_B01,NR_114080.1,97.021,1410,35,6,1,1405,24,1431,0.0,2364
M-B5_QB5629_2019-08-29_B01,NR_178843.1,96.738,1410,39,6,1,1405,4,1411,0.0,2344
M-B5_QB5629_2019-08-29_B01,NR_112986.1,97.367,1405,30,6,1,1400,32,1434,0.0,2383
M-B5_QB5629_2019-08-29_B01,NR_118853.1,97.376,1410,30,6,1,1405,44,1451,0.0,2392
M-B5_QB5629_2019-08-29_B01,NR_181872.1,97.866,1359,22,6,52,1405,1,1357,0.0,2351
M-B5_QB5629_2019-08-29_B01,NR_180640.1,97.801,1410,24,6,1,1405,51,1458,0.0,2425
M-B5_QB5629_2019-08-29_B01,NR_159317.1,97.730,1410,25,6,1,1405,24,1431,0.0,2425
M-B5_QB5629_2019-08-29_B01,NR_126319.1,97.096,1412,32,8,1,1405,40,1449,0.0,2372
M-C10_QB5629_2019-08-29_D01,NR_180446.1,99.006,1409,8,6,1,1403,52,1460,0.0,2519
M-C10_QB5629_2019-08-29_D01,NR_180451.1,97.376,1410,29,8,1,1403,49,1457,0.0,2392
M-C10_QB5629_2019-08-29_D01,NR_126208.1,97.430,1401,29,7,9,1403,1,1400,0.0,2381
M-C10_QB5629_2019-08-29_D01,NR_028894.1,98.013,1409,22,6,1,1403,32,1440,0.0,2442
M-C10_QB5629_2019-08-29_D01,NR_028687.1,98.013,1409,22,6,1,1403,46,1454,0.0,2442
M-C10_QB5629_2019-08-29_D01,NR_180450.1,98.223,1407,21,4,1,1403,49,1455,0.0,2457
M-C10_QB5629_2019-08-29_D01,NR_113340.1,97.871,1409,24,6,1,1403,25,1433,0.0,2435
M-C10_QB5629_2019-08-29_D01,NR_180316.1,97.090,1409,35,6,1,1403,52,1460,0.0,2370
M-C10_QB5629_2019-08-29_D01,NR_113596.1,97.800,1409,25,6,1,1403,25,1433,0.0,2431
M-C10_QB5629_2019-08-29_D01,NR_170426.1,97.868,1407,26,4,1,1403,25,1431,0.0,2429
M-C10_QB5629_2019-08-29_D01,NR_042349.1,97.868,1407,26,4,1,1403,25,1431,0.0,2429
M-C10_QB5629_2019-08-29_D01,NR_028802.1,98.294,1407,20,4,1,1403,13,1419,0.0,2462
M-C10_QB5629_2019-08-29_D01,NR_024641.1,97.161,1409,34,6,1,1403,20,1428,0.0,2377
M-C10_QB5629_2019-08-29_D01,NR_181726.1,98.512,1411,11,10,1,1403,49,1457,0.0,2481
M-C10_QB5629_2019-08-29_D01,NR_112007.1,98.223,1407,21,4,1,1403,20,1426,0.0,2457
M-C10_QB5629_2019-08-29_D01,NR_111998.1,97.797,1407,27,4,1,1403,20,1426,0.0,2423
M-C10_QB5629_2019-08-29_D01,NR_028803.1,97.939,1407,25,4,1,1403,17,1423,0.0,2435
M-C10_QB5629_2019-08-29_D01,NR_024862.1,97.516,1409,29,6,1,1403,40,1448,0.0,2405
M-C10_QB5629_2019-08-29_D01,NR_114108.1,97.868,1407,26,4,1,1403,25,1431,0.0,2433
M-C10_QB5629_2019-08-29_D01,NR_028688.1,97.729,1409,26,6,1,1403,46,1454,0.0,2420
M-C10_QB5629_2019-08-29_D01,NR_184601.1,97.726,1407,28,4,1,1403,49,1455,0.0,2418
M-C10_QB5629_2019-08-29_D01,NR_025331.1,98.650,1407,15,4,1,1403,31,1437,0.0,2490
M-C10_QB5629_2019-08-29_D01,NR_114154.1,97.797,1407,27,4,1,1403,25,1431,0.0,2425
M-C10_QB5629_2019-08-29_D01,NR_114153.1,98.010,1407,24,4,1,1403,25,1431,0.0,2446
M-C10_QB5629_2019-08-29_D01,NR_180641.1,97.655,1407,29,4,1,1403,29,1435,0.0,2412
M-C10_QB5629_2019-08-29_D01,NR_180237.1,97.655,1407,29,4,1,1403,45,1451,0.0,2412
M-C10_QB5629_2019-08-29_D01,NR_104933.1,97.797,1407,27,4,1,1403,45,1451,0.0,2423
M-C10_QB5629_2019-08-29_D01,NR_041968.1,98.581,1409,11,9,1,1403,33,1438,0.0,2483
M-C10_QB5629_2019-08-29_D01,NR_117752.1,98.191,1382,21,4,26,1403,3,1384,0.0,2410
M-C10_QB5629_2019-08-29_D01,NR_117405.1,97.726,1407,28,4,1,1403,25,1431,0.0,2422
M-C10_QB5629_2019-08-29_D01,NR_180353.1,97.795,1406,26,5,3,1403,5,1410,0.0,2420
M-C10_QB5629_2019-08-29_D01,NR_146667.2,97.090,1409,35,6,1,1403,32,1440,0.0,2370
M-C10_QB5629_2019-08-29_D01,NR_024642.1,98.294,1407,20,4,1,1403,20,1426,0.0,2464
M-C10_QB5629_2019-08-29_D01,NR_179946.1,97.584,1407,30,4,1,1403,45,1451,0.0,2407
M-C10_QB5629_2019-08-29_D01,NR_028893.1,98.223,1407,21,4,1,1403,31,1437,0.0,2457
M-C10_QB5629_2019-08-29_D01,NR_178769.1,97.516,1409,29,6,1,1403,11,1419,0.0,2405
M-C10_QB5629_2019-08-29_D01,NR_179166.1,97.090,1409,35,6,1,1403,49,1457,0.0,2370
M-C10_QB5629_2019-08-29_D01,NR_126318.1,97.939,1407,25,4,1,1403,43,1449,0.0,2435
M-C10_QB5629_2019-08-29_D01,NR_036919.1,98.436,1407,18,4,1,1403,31,1437,0.0,2473
M-C10_QB5629_2019-08-29_D01,NR_025329.1,98.438,1408,16,6,1,1403,28,1434,0.0,2473
M-C10_QB5629_2019-08-29_D01,NR_025328.1,98.440,1410,12,10,1,1403,33,1439,0.0,2473
M-C10_QB5629_2019-08-29_D01,NR_179968.1,97.868,1407,26,4,1,1403,49,1455,0.0,2429
M-C10_QB5629_2019-08-29_D01,NR_044977.1,97.443,1408,30,6,1,1403,25,1431,0.0,2409
M-C10_QB5629_2019-08-29_D01,NR_025330.1,98.365,1407,19,4,1,1403,29,1435,0.0,2468
M-C10_QB5629_2019-08-29_D01,NR_044976.1,97.518,1410,28,6,1,1403,25,1434,0.0,2409
M-C10_QB5629_2019-08-29_D01,NR_179167.1,97.729,1409,26,6,1,1403,49,1457,0.0,2420
M-C10_QB5629_2019-08-29_D01,NR_041697.1,97.374,1409,31,6,1,1403,46,1454,0.0,2392
M-C10_QB5629_2019-08-29_D01,NR_148649.1,97.512,1407,29,6,2,1403,6,1411,0.0,2401
M-C10_QB5629_2019-08-29_D01,NR_104937.1,97.374,1409,31,6,1,1403,43,1451,0.0,2392
M-C10_QB5629_2019-08-29_D01,NR_113614.1,97.726,1407,28,4,1,1403,25,1431,0.0,2420
M-C10_QB5629_2019-08-29_D01,NR_116109.1,97.374,1409,31,6,1,1403,25,1433,0.0,2392
M-C10_QB5629_2019-08-29_D01,NR_102493.2,97.726,1407,28,4,1,1403,52,1458,0.0,2418
M-C10_QB5629_2019-08-29_D01,NR_114737.1,97.655,1407,29,4,1,1403,23,1429,0.0,2418
M-C10_QB5629_2019-08-29_D01,NR_126317.1,97.445,1409,30,6,1,1403,42,1450,0.0,2398
M-C10_QB5629_2019-08-29_D01,NR_116798.1,97.303,1409,32,6,1,1403,45,1453,0.0,2386
M-C10_QB5629_2019-08-29_D01,NR_024643.1,97.722,1405,28,4,1,1401,20,1424,0.0,2414
M-C10_QB5629_2019-08-29_D01,NR_180236.1,98.177,1371,20,5,34,1400,1,1370,0.0,2388
M-C10_QB5629_2019-08-29_D01,NR_024640.1,97.792,1404,25,6,1,1399,20,1422,0.0,2416
M-C10_QB5629_2019-08-29_D01,NR_114159.1,97.159,1408,34,6,1,1403,26,1432,0.0,2375
M-C10_QB5629_2019-08-29_D01,NR_104934.1,97.159,1408,34,6,1,1403,45,1451,0.0,2374
M-C10_QB5629_2019-08-29_D01,NR_117547.1,97.584,1407,30,4,1,1403,48,1454,0.0,2412
M-C10_QB5629_2019-08-29_D01,NR_114589.1,97.299,1407,33,5,1,1403,21,1426,0.0,2383
M-C10_QB5629_2019-08-29_D01,NR_117750.1,97.685,1382,28,4,26,1403,3,1384,0.0,2372
M-C10_QB5629_2019-08-29_D01,NR_118011.1,97.090,1409,35,6,1,1403,43,1451,0.0,2370
M-C10_QB5629_2019-08-29_D01,NR_028677.1,97.301,1408,33,5,1,1403,1,1408,0.0,2385
M-C10_QB5629_2019-08-29_D01,NR_114080.1,97.514,1408,29,6,1,1403,25,1431,0.0,2401
M-C10_QB5629_2019-08-29_D01,NR_179439.1,97.015,1407,38,4,1,1403,45,1451,0.0,2366
M-C10_QB5629_2019-08-29_D01,NR_184631.1,98.512,1344,17,3,53,1393,1,1344,0.0,2368
M-C10_QB5629_2019-08-29_D01,NR_044978.1,97.015,1407,38,4,1,1403,25,1431,0.0,2366
M-C10_QB5629_2019-08-29_D01,NR_178843.1,97.441,1407,32,4,1,1403,5,1411,0.0,2398
M-C10_QB5629_2019-08-29_D01,NR_112986.1,97.149,1403,34,6,1,1398,33,1434,0.0,2364
M-C10_QB5629_2019-08-29_D01,NR_118853.1,97.015,1407,38,4,1,1403,45,1451,0.0,2362
M-C10_QB5629_2019-08-29_D01,NR_181872.1,98.010,1357,24,3,50,1403,1,1357,0.0,2362
M-C10_QB5629_2019-08-29_D01,NR_117679.1,96.944,1407,39,4,1,1403,41,1447,0.0,2359
M-C10_QB5629_2019-08-29_D01,NR_042356.1,97.449,1411,26,9,1,1403,17,1425,0.0,2398
M-C10_QB5629_2019-08-29_D01,NR_113615.1,96.944,1407,39,4,1,1403,25,1431,0.0,2359
M-C10_QB5629_2019-08-29_D01,NR_028912.1,96.944,1407,39,4,1,1403,23,1429,0.0,2359
M-C10_QB5629_2019-08-29_D01,NR_180640.1,96.946,1408,37,6,1,1403,52,1458,0.0,2357
M-C10_QB5629_2019-08-29_D01,NR_159317.1,96.873,1407,40,4,1,1403,25,1431,0.0,2357
M-C10_QB5629_2019-08-29_D01,NR_041927.1,97.159,1408,34,6,1,1403,21,1427,0.0,2381
M-C10_QB5629_2019-08-29_D01,NR_126319.1,97.092,1410,33,8,1,1403,41,1449,0.0,2370
M-G11_QB5629_2019-08-29_G01,NR_180446.1,99.220,1410,4,6,1,1403,52,1461,0.0,2536
M-G11_QB5629_2019-08-29_G01,NR_180451.1,97.381,1413,24,12,1,1403,49,1458,0.0,2392
M-G11_QB5629_2019-08-29_G01,NR_126208.1,97.365,1404,24,12,10,1403,1,1401,0.0,2375
M-G11_QB5629_2019-08-29_G01,NR_028894.1,98.085,1410,20,6,1,1403,32,1441,0.0,2447
M-G11_QB5629_2019-08-29_G01,NR_028687.1,97.801,1410,24,6,1,1403,46,1455,0.0,2425
M-G11_QB5629_2019-08-29_G01,NR_180450.1,98.440,1410,13,8,1,1403,49,1456,0.0,2473
M-G11_QB5629_2019-08-29_G01,NR_113340.1,97.943,1410,22,7,1,1403,25,1434,0.0,2440
M-G11_QB5629_2019-08-29_G01,NR_180316.1,97.240,1413,26,11,1,1403,52,1461,0.0,2381
M-G11_QB5629_2019-08-29_G01,NR_113596.1,97.872,1410,23,7,1,1403,25,1434,0.0,2436
M-G11_QB5629_2019-08-29_G01,NR_170426.1,98.014,1410,19,8,1,1403,25,1432,0.0,2440
M-G11_QB5629_2019-08-29_G01,NR_042349.1,98.156,1410,17,9,1,1403,25,1432,0.0,2451
M-G11_QB5629_2019-08-29_G01,NR_028802.1,97.943,1410,20,8,1,1403,13,1420,0.0,2435
M-G11_QB5629_2019-08-29_G01,NR_024641.1,97.025,1412,31,10,1,1403,20,1429,0.0,2366
M-G11_QB5629_2019-08-29_G01,NR_181726.1,98.300,1412,13,10,1,1403,49,1458,0.0,2464
M-G11_QB5629_2019-08-29_G01,NR_112007.1,97.872,1410,21,9,1,1403,20,1427,0.0,2429
M-G11_QB5629_2019-08-29_G01,NR_111998.1,98.085,1410,18,8,1,1403,20,1427,0.0,2446
M-G11_QB5629_2019-08-29_G01,NR_028803.1,97.801,1410,22,8,1,1403,17,1424,0.0,2423
M-G11_QB5629_2019-08-29_G01,NR_024862.1,97.592,1412,23,10,1,1403,40,1449,0.0,2409
M-G11_QB5629_2019-08-29_G01,NR_114108.1,97.660,1410,24,8,1,1403,25,1432,0.0,2416
M-G11_QB5629_2019-08-29_G01,NR_028688.1,97.730,1410,25,6,1,1403,46,1455,0.0,2420
M-G11_QB5629_2019-08-29_G01,NR_184601.1,97.660,1410,24,8,1,1403,49,1456,0.0,2412
M-G11_QB5629_2019-08-29_G01,NR_025331.1,98.014,1410,19,8,1,1403,31,1438,0.0,2440
M-G11_QB5629_2019-08-29_G01,NR_114154.1,98.085,1410,18,8,1,1403,25,1432,0.0,2447
M-G11_QB5629_2019-08-29_G01,NR_114153.1,97.660,1410,24,9,1,1403,25,1432,0.0,2418
M-G11_QB5629_2019-08-29_G01,NR_180641.1,97.943,1410,20,8,1,1403,29,1436,0.0,2435
M-G11_QB5629_2019-08-29_G01,NR_180237.1,97.872,1410,21,9,1,1403,45,1452,0.0,2429
M-G11_QB5629_2019-08-29_G01,NR_104933.1,98.085,1410,18,8,1,1403,45,1452,0.0,2446
M-G11_QB5629_2019-08-29_G01,NR_041968.1,98.088,1412,13,14,1,1403,33,1439,0.0,2446
M-G11_QB5629_2019-08-29_G01,NR_117752.1,98.191,1382,18,7,29,1403,4,1385,0.0,2407
M-G11_QB5629_2019-08-29_G01,NR_117405.1,98.014,1410,19,8,1,1403,25,1432,0.0,2444
M-G11_QB5629_2019-08-29_G01,NR_180353.1,97.585,1408,26,7,3,1403,5,1411,0.0,2405
M-G11_QB5629_2019-08-29_G01,NR_146667.2,97.238,1412,28,10,1,1403,32,1441,0.0,2381
M-G11_QB5629_2019-08-29_G01,NR_024642.1,97.872,1410,21,8,1,1403,20,1427,0.0,2431
M-G11_QB5629_2019-08-29_G01,NR_179946.1,97.801,1410,22,8,1,1403,45,1452,0.0,2423
M-G11_QB5629_2019-08-29_G01,NR_028893.1,97.660,1410,24,8,1,1403,31,1438,0.0,2412
M-G11_QB5629_2019-08-29_G01,NR_178769.1,97.589,1410,27,7,1,1403,11,1420,0.0,2410
M-G11_QB5629_2019-08-29_G01,NR_179166.1,97.238,1412,28,10,1,1403,49,1458,0.0,2381
M-G11_QB5629_2019-08-29_G01,NR_126318.1,97.660,1410,24,8,1,1403,43,1450,0.0,2412
M-G11_QB5629_2019-08-29_G01,NR_036919.1,97.943,1410,20,8,1,1403,31,1438,0.0,2435
M-G11_QB5629_2019-08-29_G01,NR_025329.1,97.945,1411,18,9,1,1403,28,1435,0.0,2435
M-G11_QB5629_2019-08-29_G01,NR_025328.1,97.806,1413,16,13,1,1403,33,1440,0.0,2423
M-G11_QB5629_2019-08-29_G01,NR_179968.1,97.801,1410,22,9,1,1403,49,1456,0.0,2423
M-G11_QB5629_2019-08-29_G01,NR_044977.1,97.518,1410,26,8,1,1403,25,1432,0.0,2414
M-G11_QB5629_2019-08-29_G01,NR_025330.1,97.872,1410,21,8,1,1403,29,1436,0.0,2429
M-G11_QB5629_2019-08-29_G01,NR_044976.1,97.380,1412,27,10,1,1403,25,1435,0.0,2399
M-G11_QB5629_2019-08-29_G01,NR_179167.1,97.732,1411,23,8,1,1403,49,1458,0.0,2420
M-G11_QB5629_2019-08-29_G01,NR_041697.1,97.305,1410,31,6,1,1403,46,1455,0.0,2386
M-G11_QB5629_2019-08-29_G01,NR_148649.1,97.658,1409,24,9,2,1403,6,1412,0.0,2412
M-G11_QB5629_2019-08-29_G01,NR_104937.1,97.305,1410,31,6,1,1403,43,1452,0.0,2386
M-G11_QB5629_2019-08-29_G01,NR_113614.1,97.943,1410,20,8,1,1403,25,1432,0.0,2436
M-G11_QB5629_2019-08-29_G01,NR_116109.1,97.305,1410,31,6,1,1403,25,1434,0.0,2386
M-G11_QB5629_2019-08-29_G01,NR_102493.2,97.943,1410,20,9,1,1403,52,1459,0.0,2435
M-G11_QB5629_2019-08-29_G01,NR_114737.1,97.801,1410,22,9,1,1403,23,1430,0.0,2429
M-G11_QB5629_2019-08-29_G01,NR_126317.1,97.447,1410,29,6,1,1403,42,1451,0.0,2398
M-G11_QB5629_2019-08-29_G01,NR_116798.1,97.234,1410,32,6,1,1403,45,1454,0.0,2381
M-G11_QB5629_2019-08-29_G01,NR_024643.1,97.872,1410,21,9,1,1403,20,1427,0.0,2431
M-G11_QB5629_2019-08-29_G01,NR_180236.1,98.031,1371,19,7,36,1399,1,1370,0.0,2375
M-G11_QB5629_2019-08-29_G01,NR_024640.1,97.722,1405,23,8,1,1398,20,1422,0.0,2409
M-G11_QB5629_2019-08-29_G01,NR_114159.1,97.376,1410,28,8,1,1403,26,1433,0.0,2392
M-G11_QB5629_2019-08-29_G01,NR_104934.1,97.376,1410,28,8,1,1403,45,1452,0.0,2390
M-G11_QB5629_2019-08-29_G01,NR_117547.1,97.163,1410,31,9,1,1403,48,1455,0.0,2379
M-G11_QB5629_2019-08-29_G01,NR_114589.1,97.518,1410,25,10,1,1403,21,1427,0.0,2401
M-G11_QB5629_2019-08-29_G01,NR_117750.1,97.685,1382,25,7,29,1403,4,1385,0.0,2368
M-G11_QB5629_2019-08-29_G01,NR_118011.1,97.380,1412,26,10,1,1403,43,1452,0.0,2392
M-G11_QB5629_2019-08-29_G01,NR_028677.1,97.519,1411,25,10,1,1403,1,1409,0.0,2403
M-G11_QB5629_2019-08-29_G01,NR_114080.1,97.447,1410,27,9,1,1403,25,1432,0.0,2396
M-G11_QB5629_2019-08-29_G01,NR_179439.1,97.234,1410,30,9,1,1403,45,1452,0.0,2383
M-G11_QB5629_2019-08-29_G01,NR_184631.1,98.586,1344,12,7,56,1392,1,1344,0.0,2370
M-G11_QB5629_2019-08-29_G01,NR_044978.1,97.234,1410,30,8,1,1403,25,1432,0.0,2383
M-G11_QB5629_2019-08-29_G01,NR_178843.1,97.376,1410,28,8,1,1403,5,1412,0.0,2392
M-G11_QB5629_2019-08-29_G01,NR_112986.1,97.365,1404,28,8,1,1397,33,1434,0.0,2379
M-G11_QB5629_2019-08-29_G01,NR_118853.1,96.950,1410,34,8,1,1403,45,1452,0.0,2357
M-G11_QB5629_2019-08-29_G01,NR_117679.1,97.234,1410,30,8,1,1403,41,1448,0.0,2381
M-G11_QB5629_2019-08-29_G01,NR_042356.1,97.589,1410,27,7,1,1403,17,1426,0.0,2409
M-G11_QB5629_2019-08-29_G01,NR_113615.1,97.234,1410,30,8,1,1403,25,1432,0.0,2381
M-G11_QB5629_2019-08-29_G01,NR_028912.1,97.234,1410,30,8,1,1403,23,1430,0.0,2381
M-G11_QB5629_2019-08-29_G01,NR_180640.1,97.092,1410,32,8,1,1403,52,1459,0.0,2368
M-G11_QB5629_2019-08-29_G01,NR_159317.1,97.021,1410,33,8,1,1403,25,1432,0.0,2368
M-G11_QB5629_2019-08-29_G01,NR_041927.1,97.092,1410,32,8,1,1403,21,1428,0.0,2375
M-G11_QB5629_2019-08-29_G01,NR_126319.1,97.305,1410,31,6,1,1403,41,1450,0.0,2386
O-G1_QB5629_2019-08-29_E07,NR_180446.1,98.159,1412,22,4,1,1408,52,1463,0.0,2460
O-G1_QB5629_2019-08-29_E07,NR_180451.1,97.808,1414,23,7,1,1408,49,1460,0.0,2433
O-G1_QB5629_2019-08-29_E07,NR_126208.1,97.794,1405,23,7,10,1408,1,1403,0.0,2416
O-G1_QB5629_2019-08-29_E07,NR_028894.1,98.229,1412,21,4,1,1408,32,1443,0.0,2466
O-G1_QB5629_2019-08-29_E07,NR_028687.1,98.229,1412,21,4,1,1408,46,1457,0.0,2466
O-G1_QB5629_2019-08-29_E07,NR_180450.1,98.936,1410,13,2,1,1408,49,1458,0.0,2519
O-G1_QB5629_2019-08-29_E07,NR_113340.1,98.088,1412,23,4,1,1408,25,1436,0.0,2459
O-G1_QB5629_2019-08-29_E07,NR_180316.1,97.525,1414,27,7,1,1408,52,1463,0.0,2410
O-G1_QB5629_2019-08-29_E07,NR_113596.1,98.017,1412,24,4,1,1408,25,1436,0.0,2455
O-G1_QB5629_2019-08-29_E07,NR_170426.1,98.369,1410,21,2,1,1408,25,1434,0.0,2475
O-G1_QB5629_2019-08-29_E07,NR_042349.1,99.504,1410,5,2,1,1408,25,1434,0.0,2564
O-G1_QB5629_2019-08-29_E07,NR_028802.1,97.943,1410,27,2,1,1408,13,1422,0.0,2442
O-G1_QB5629_2019-08-29_E07,NR_181726.1,97.735,1413,26,6,1,1408,49,1460,0.0,2427
O-G1_QB5629_2019-08-29_E07,NR_112007.1,97.872,1410,28,2,1,1408,20,1429,0.0,2436
O-G1_QB5629_2019-08-29_E07,NR_111998.1,99.574,1410,4,2,1,1408,20,1429,0.0,2569
O-G1_QB5629_2019-08-29_E07,NR_028803.1,97.801,1410,29,2,1,1408,17,1426,0.0,2431
O-G1_QB5629_2019-08-29_E07,NR_024862.1,98.017,1412,24,4,1,1408,40,1451,0.0,2449
O-G1_QB5629_2019-08-29_E07,NR_114108.1,97.660,1410,31,2,1,1408,25,1434,0.0,2423
O-G1_QB5629_2019-08-29_E07,NR_028688.1,98.300,1412,20,4,1,1408,46,1457,0.0,2471
O-G1_QB5629_2019-08-29_E07,NR_184601.1,98.156,1410,24,2,1,1408,49,1458,0.0,2459
O-G1_QB5629_2019-08-29_E07,NR_114154.1,99.078,1410,11,2,1,1408,25,1434,0.0,2532
O-G1_QB5629_2019-08-29_E07,NR_114153.1,97.660,1410,31,2,1,1408,25,1434,0.0,2427
O-G1_QB5629_2019-08-29_E07,NR_180641.1,98.511,1410,19,2,1,1408,29,1438,0.0,2486
O-G1_QB5629_2019-08-29_E07,NR_180237.1,98.936,1410,13,2,1,1408,45,1454,0.0,2519
O-G1_QB5629_2019-08-29_E07,NR_104933.1,99.149,1410,10,2,1,1408,45,1454,0.0,2536
O-G1_QB5629_2019-08-29_E07,NR_041968.1,97.590,1411,29,5,1,1408,33,1441,0.0,2412
O-G1_QB5629_2019-08-29_E07,NR_117752.1,98.194,1384,22,3,28,1408,4,1387,0.0,2414
O-G1_QB5629_2019-08-29_E07,NR_117405.1,99.078,1410,11,2,1,1408,25,1434,0.0,2534
O-G1_QB5629_2019-08-29_E07,NR_180353.1,97.871,1409,25,5,3,1407,5,1412,0.0,2431
O-G1_QB5629_2019-08-29_E07,NR_146667.2,98.442,1412,18,4,1,1408,32,1443,0.0,2483
O-G1_QB5629_2019-08-29_E07,NR_024642.1,97.943,1410,27,2,1,1408,20,1429,0.0,2444
O-G1_QB5629_2019-08-29_E07,NR_179946.1,99.433,1410,6,2,1,1408,45,1454,0.0,2558
O-G1_QB5629_2019-08-29_E07,NR_178769.1,97.805,1412,27,4,1,1408,11,1422,0.0,2435
O-G1_QB5629_2019-08-29_E07,NR_179166.1,98.513,1412,17,4,1,1408,49,1460,0.0,2488
O-G1_QB5629_2019-08-29_E07,NR_126318.1,97.660,1410,31,2,1,1408,43,1452,0.0,2420
O-G1_QB5629_2019-08-29_E07,NR_179968.1,97.872,1410,28,2,1,1408,49,1458,0.0,2436
O-G1_QB5629_2019-08-29_E07,NR_044977.1,98.298,1410,22,2,1,1408,25,1434,0.0,2483
O-G1_QB5629_2019-08-29_E07,NR_044976.1,97.665,1413,28,5,1,1408,25,1437,0.0,2427
O-G1_QB5629_2019-08-29_E07,NR_179167.1,99.079,1412,9,4,1,1408,49,1460,0.0,2532
O-G1_QB5629_2019-08-29_E07,NR_041697.1,97.592,1412,30,4,1,1408,46,1457,0.0,2416
O-G1_QB5629_2019-08-29_E07,NR_148649.1,98.510,1409,19,2,2,1408,6,1414,0.0,2486
O-G1_QB5629_2019-08-29_E07,NR_104937.1,97.589,1410,30,4,1,1406,43,1452,0.0,2412
O-G1_QB5629_2019-08-29_E07,NR_113614.1,98.085,1410,25,2,1,1408,25,1434,0.0,2455
O-G1_QB5629_2019-08-29_E07,NR_116109.1,97.589,1410,30,4,1,1406,25,1434,0.0,2412
O-G1_QB5629_2019-08-29_E07,NR_102493.2,98.156,1410,24,2,1,1408,52,1461,0.0,2459
O-G1_QB5629_2019-08-29_E07,NR_114737.1,97.943,1410,27,2,1,1408,23,1432,0.0,2447
O-G1_QB5629_2019-08-29_E07,NR_126317.1,97.946,1412,25,4,1,1408,42,1453,0.0,2444
O-G1_QB5629_2019-08-29_E07,NR_116798.1,97.518,1410,31,4,1,1406,45,1454,0.0,2407
O-G1_QB5629_2019-08-29_E07,NR_024643.1,98.085,1410,25,2,1,1408,20,1429,0.0,2455
O-G1_QB5629_2019-08-29_E07,NR_180236.1,98.681,1365,16,2,40,1402,6,1370,0.0,2420
O-G1_QB5629_2019-08-29_E07,NR_024640.1,98.717,1403,16,2,1,1401,20,1422,0.0,2490
O-G1_QB5629_2019-08-29_E07,NR_074910.1,97.878,1414,22,7,1,1408,42,1453,0.0,2438
O-G1_QB5629_2019-08-29_E07,NR_114159.1,97.872,1410,28,2,1,1408,26,1435,0.0,2438
O-G1_QB5629_2019-08-29_E07,NR_104934.1,97.872,1410,28,2,1,1408,45,1454,0.0,2436
O-G1_QB5629_2019-08-29_E07,NR_117547.1,97.801,1410,29,2,1,1408,48,1457,0.0,2436
O-G1_QB5629_2019-08-29_E07,NR_114589.1,97.518,1410,32,3,1,1408,21,1429,0.0,2407
O-G1_QB5629_2019-08-29_E07,NR_117750.1,98.194,1384,22,3,28,1408,4,1387,0.0,2414
O-G1_QB5629_2019-08-29_E07,NR_145647.1,97.884,1418,20,10,1,1409,5,1421,0.0,2446
O-G1_QB5629_2019-08-29_E07,NR_118011.1,98.867,1412,12,4,1,1408,43,1454,0.0,2516
O-G1_QB5629_2019-08-29_E07,NR_114080.1,98.227,1410,23,2,1,1408,25,1434,0.0,2464
O-G1_QB5629_2019-08-29_E07,NR_104940.1,97.735,1413,24,7,2,1408,1,1411,0.0,2425
O-G1_QB5629_2019-08-29_E07,NR_179439.1,98.156,1410,24,2,1,1408,45,1454,0.0,2462
O-G1_QB5629_2019-08-29_E07,NR_044978.1,98.865,1410,14,2,1,1408,25,1434,0.0,2518
O-G1_QB5629_2019-08-29_E07,NR_178843.1,97.732,1411,30,2,1,1409,5,1415,0.0,2429
O-G1_QB5629_2019-08-29_E07,NR_112986.1,97.860,1402,28,2,1,1400,33,1434,0.0,2422
O-G1_QB5629_2019-08-29_E07,NR_118853.1,97.589,1410,32,2,1,1408,45,1454,0.0,2414
O-G1_QB5629_2019-08-29_E07,NR_117679.1,99.007,1410,12,2,1,1408,41,1450,0.0,2527
O-G1_QB5629_2019-08-29_E07,NR_042356.1,97.660,1410,29,4,1,1406,17,1426,0.0,2418
O-G1_QB5629_2019-08-29_E07,NR_113615.1,99.007,1410,12,2,1,1408,25,1434,0.0,2527
O-G1_QB5629_2019-08-29_E07,NR_028912.1,99.007,1410,12,2,1,1408,23,1432,0.0,2527
O-G1_QB5629_2019-08-29_E07,NR_180640.1,97.872,1410,28,2,1,1408,52,1461,0.0,2436
O-G1_QB5629_2019-08-29_E07,NR_159317.1,98.014,1410,26,2,1,1408,25,1434,0.0,2451
O-G1_QB5629_2019-08-29_E07,NR_041927.1,97.943,1410,27,2,1,1408,21,1430,0.0,2451
O-G1_QB5629_2019-08-29_E07,NR_126319.1,97.805,1412,27,4,1,1408,41,1452,0.0,2433
O-G1_QB5629_2019-08-29_E07,NR_041527.1,97.735,1413,26,6,1,1408,47,1458,0.0,2427


